id,title,subject,type,family,year,classroomRole,interactionModel,curriculumTopic,curriculumRef
asdan-sow,BUILD ASDAN · Scheme of Work,BUILD Vocational & PfA,support,BUILD ASDAN,2026-27,,,,
asdan-master-hub,BUILD ASDAN · master hub,BUILD Vocational & PfA,teacher,BUILD ASDAN,2026-27,,,,
build-autumn-showcase,BUILD Pathway — Autumn 2026 showcase,BUILD Vocational & PfA,teacher,BUILD ASDAN,2026-27,,,,
build-resources-tools,BUILD · Resources & Tools List (no-workshop D&T setup),BUILD Vocational & PfA,support,BUILD ASDAN,2026-27,,,,
asdan-careers-w1,Careers W1 · My Strengths,BUILD Vocational & PfA,lesson,BUILD ASDAN · Careers,2026-27,,,,
asdan-careers-w2,Careers W2 · Jobs in My Community,BUILD Vocational & PfA,lesson,BUILD ASDAN · Careers,2026-27,,,,
asdan-careers-w3,Careers W3 · Skills Employers Want,BUILD Vocational & PfA,lesson,BUILD ASDAN · Careers,2026-27,,,,
asdan-careers-w4,Careers W4 · Routines & Reliability,BUILD Vocational & PfA,lesson,BUILD ASDAN · Careers,2026-27,,,,
asdan-careers-w5,Careers W5 · Applying Myself,BUILD Vocational & PfA,lesson,BUILD ASDAN · Careers,2026-27,,,,
asdan-careers-w7,Careers W6 · What Happens After Year 11,BUILD Vocational & PfA,lesson,BUILD ASDAN · Careers,2026-27,,,,
asdan-careers-w6,Careers W7 · My Career Profile,BUILD Vocational & PfA,lesson,BUILD ASDAN · Careers,2026-27,,,,
asdan-careers-hub,Careers · slot hub,BUILD Vocational & PfA,teacher,BUILD ASDAN · Careers,2026-27,,,,
asdan-comm-w1,Community Project W1 · Choose Our Asset,BUILD Vocational & PfA,lesson,BUILD ASDAN · Community Project,2026-27,,,,
asdan-comm-w2,Community Project W2 · The Site's Need,BUILD Vocational & PfA,lesson,BUILD ASDAN · Community Project,2026-27,,,,
asdan-comm-w3,Community Project W3 · Our Team Roles,BUILD Vocational & PfA,lesson,BUILD ASDAN · Community Project,2026-27,,,,
asdan-comm-w4,Community Project W4 · Partner Update,BUILD Vocational & PfA,lesson,BUILD ASDAN · Community Project,2026-27,,,,
asdan-comm-w5,Community Project W5 · Plan the Handover,BUILD Vocational & PfA,lesson,BUILD ASDAN · Community Project,2026-27,,,,
asdan-comm-w6,Community Project W6 · The Handover & Its Benefit,BUILD Vocational & PfA,lesson,BUILD ASDAN · Community Project,2026-27,,,,
asdan-comm-hub,Community Project · slot hub,BUILD Vocational & PfA,teacher,BUILD ASDAN · Community Project,2026-27,,,,
asdan-fw-w1,FoodWise W1 · Food Groups,BUILD Vocational & PfA,lesson,BUILD ASDAN · FoodWise,2026-27,,,,
asdan-fw-w2,FoodWise W2 · A Balanced Plate,BUILD Vocational & PfA,lesson,BUILD ASDAN · FoodWise,2026-27,,,,
asdan-fw-w3,FoodWise W3 · Reading Labels,BUILD Vocational & PfA,lesson,BUILD ASDAN · FoodWise,2026-27,,,,
asdan-fw-w4,FoodWise W4 · Kitchen Hygiene & Safety,BUILD Vocational & PfA,lesson,BUILD ASDAN · FoodWise,2026-27,,,,
asdan-fw-w5,FoodWise W5 · Prepare a Healthy Snack,BUILD Vocational & PfA,lesson,BUILD ASDAN · FoodWise,2026-27,,,,
asdan-fw-w6,FoodWise W6 · Plan a Healthy Meal,BUILD Vocational & PfA,lesson,BUILD ASDAN · FoodWise,2026-27,,,,
asdan-fw-hub,FoodWise · slot hub,BUILD Vocational & PfA,teacher,BUILD ASDAN · FoodWise,2026-27,,,,
asdan-duke-w1,Junior/Young Duke + Social Enterprise W1 · Choose My Challenges,BUILD Vocational & PfA,lesson,BUILD ASDAN · Junior/Young Duke + Social Enterprise,2026-27,,,,
asdan-duke-w2,Junior/Young Duke + Social Enterprise W2 · A Kindness Challenge,BUILD Vocational & PfA,lesson,BUILD ASDAN · Junior/Young Duke + Social Enterprise,2026-27,,,,
asdan-duke-w3,Junior/Young Duke + Social Enterprise W3 · An Eco Challenge,BUILD Vocational & PfA,lesson,BUILD ASDAN · Junior/Young Duke + Social Enterprise,2026-27,,,,
asdan-duke-w4,Junior/Young Duke + Social Enterprise W4 · An Independence Challenge,BUILD Vocational & PfA,lesson,BUILD ASDAN · Junior/Young Duke + Social Enterprise,2026-27,,,,
asdan-duke-w5,Junior/Young Duke + Social Enterprise W5 · Our Social Enterprise,BUILD Vocational & PfA,lesson,BUILD ASDAN · Junior/Young Duke + Social Enterprise,2026-27,,,,
asdan-duke-w6,Junior/Young Duke + Social Enterprise W6 · Pitch & Reflect,BUILD Vocational & PfA,lesson,BUILD ASDAN · Junior/Young Duke + Social Enterprise,2026-27,,,,
asdan-duke-hub,Junior/Young Duke + Social Enterprise · slot hub,BUILD Vocational & PfA,teacher,BUILD ASDAN · Junior/Young Duke + Social Enterprise,2026-27,,,,
asdan-li-w1,Living Independently W1 · Where Money Comes From,BUILD Vocational & PfA,lesson,BUILD ASDAN · Living Independently,2026-27,,,,
asdan-li-w2,Living Independently W2 · Notes & Coins,BUILD Vocational & PfA,lesson,BUILD ASDAN · Living Independently,2026-27,,,,
asdan-li-w3,Living Independently W3 · Needs vs Wants,BUILD Vocational & PfA,lesson,BUILD ASDAN · Living Independently,2026-27,,,,
asdan-li-w4,Living Independently W4 · Everyday Prices,BUILD Vocational & PfA,lesson,BUILD ASDAN · Living Independently,2026-27,,,,
asdan-li-w5,Living Independently W5 · A Simple Budget,BUILD Vocational & PfA,lesson,BUILD ASDAN · Living Independently,2026-27,,,,
asdan-li-w6,Living Independently W6 · Shopping & Change,BUILD Vocational & PfA,lesson,BUILD ASDAN · Living Independently,2026-27,,,,
asdan-li-hub,Living Independently · slot hub,BUILD Vocational & PfA,teacher,BUILD ASDAN · Living Independently,2026-27,,,,
bev3-estate-hub,BUILD Estate v3 route · start here,BUILD Vocational & PfA,teacher,BUILD Estate v3,2026-27,,,,
bev3-build-asdan-comm-w1-choose-our-asset,BUILD · ASDAN · W1 · Choose Our Asset (v3 route),BUILD Vocational & PfA,lesson,BUILD Estate v3,2026-27,,,,
bev3-build-asdan-duke-w1-choose-my-challenges,BUILD · ASDAN · W1 · Duke & Social Enterprise · W1 · Choose My Challenges (v3 route),BUILD Vocational & PfA,lesson,BUILD Estate v3,2026-27,,,,
bev3-build-asdan-fw-w1-food-groups,BUILD · ASDAN · W1 · Food Groups (v3 route),BUILD Vocational & PfA,lesson,BUILD Estate v3,2026-27,,,,
bev3-build-asdan-careers-w1-my-strengths,BUILD · ASDAN · W1 · My Strengths (v3 route),BUILD Vocational & PfA,lesson,BUILD Estate v3,2026-27,,,,
bev3-build-asdan-li-w1-where-money-comes-from,BUILD · ASDAN · W1 · Where Money Comes From (v3 route),BUILD Vocational & PfA,lesson,BUILD Estate v3,2026-27,,,,
bev3-build-asdan-fw-w2-a-balanced-plate,BUILD · ASDAN · W2 · A Balanced Plate (v3 route),BUILD Vocational & PfA,lesson,BUILD Estate v3,2026-27,,,,
bev3-build-asdan-duke-w2-a-kindness-challenge,BUILD · ASDAN · W2 · Duke & Social Enterprise · W2 · A Kindness Challenge (v3 route),BUILD Vocational & PfA,lesson,BUILD Estate v3,2026-27,,,,
bev3-build-asdan-careers-w2-jobs-in-my-community,BUILD · ASDAN · W2 · Jobs in My Community (v3 route),BUILD Vocational & PfA,lesson,BUILD Estate v3,2026-27,,,,
bev3-build-asdan-li-w2-notes-coins,BUILD · ASDAN · W2 · Notes & Coins (v3 route),BUILD Vocational & PfA,lesson,BUILD Estate v3,2026-27,,,,
bev3-build-asdan-comm-w2-the-site-s-need,BUILD · ASDAN · W2 · The Site&#x27;s Need (v3 route),BUILD Vocational & PfA,lesson,BUILD Estate v3,2026-27,,,,
bev3-build-asdan-duke-w3-an-eco-challenge,BUILD · ASDAN · W3 · Duke & Social Enterprise · W3 · An Eco Challenge (v3 route),BUILD Vocational & PfA,lesson,BUILD Estate v3,2026-27,,,,
bev3-build-asdan-li-w3-needs-vs-wants,BUILD · ASDAN · W3 · Needs vs Wants (v3 route),BUILD Vocational & PfA,lesson,BUILD Estate v3,2026-27,,,,
bev3-build-asdan-comm-w3-our-team-roles,BUILD · ASDAN · W3 · Our Team Roles (v3 route),BUILD Vocational & PfA,lesson,BUILD Estate v3,2026-27,,,,
bev3-build-asdan-fw-w3-reading-labels,BUILD · ASDAN · W3 · Reading Labels (v3 route),BUILD Vocational & PfA,lesson,BUILD Estate v3,2026-27,,,,
bev3-build-asdan-careers-w3-skills-employers-want,BUILD · ASDAN · W3 · Skills Employers Want (v3 route),BUILD Vocational & PfA,lesson,BUILD Estate v3,2026-27,,,,
bev3-build-asdan-duke-w4-an-independence-challenge,BUILD · ASDAN · W4 · Duke & Social Enterprise · W4 · An Independence Challenge (v3 route),BUILD Vocational & PfA,lesson,BUILD Estate v3,2026-27,,,,
bev3-build-asdan-li-w4-everyday-prices,BUILD · ASDAN · W4 · Everyday Prices (v3 route),BUILD Vocational & PfA,lesson,BUILD Estate v3,2026-27,,,,
bev3-build-asdan-fw-w4-kitchen-hygiene-safety,BUILD · ASDAN · W4 · Kitchen Hygiene & Safety (v3 route),BUILD Vocational & PfA,lesson,BUILD Estate v3,2026-27,,,,
bev3-build-asdan-comm-w4-partner-update,BUILD · ASDAN · W4 · Partner Update (v3 route),BUILD Vocational & PfA,lesson,BUILD Estate v3,2026-27,,,,
bev3-build-asdan-careers-w4-routines-reliability,BUILD · ASDAN · W4 · Routines & Reliability (v3 route),BUILD Vocational & PfA,lesson,BUILD Estate v3,2026-27,,,,
bev3-build-asdan-li-w5-a-simple-budget,BUILD · ASDAN · W5 · A Simple Budget (v3 route),BUILD Vocational & PfA,lesson,BUILD Estate v3,2026-27,,,,
bev3-build-asdan-careers-w5-applying-myself,BUILD · ASDAN · W5 · Applying Myself (v3 route),BUILD Vocational & PfA,lesson,BUILD Estate v3,2026-27,,,,
bev3-build-asdan-duke-w5-our-social-enterprise,BUILD · ASDAN · W5 · Duke & Social Enterprise · W5 · Our Social Enterprise (v3 route),BUILD Vocational & PfA,lesson,BUILD Estate v3,2026-27,,,,
bev3-build-asdan-comm-w5-plan-the-handover,BUILD · ASDAN · W5 · Plan the Handover (v3 route),BUILD Vocational & PfA,lesson,BUILD Estate v3,2026-27,,,,
bev3-build-asdan-fw-w5-prepare-a-healthy-snack,BUILD · ASDAN · W5 · Prepare a Healthy Snack (v3 route),BUILD Vocational & PfA,lesson,BUILD Estate v3,2026-27,,,,
bev3-build-asdan-duke-w6-pitch-reflect,BUILD · ASDAN · W6 · Duke & Social Enterprise · W6 · Pitch & Reflect (v3 route),BUILD Vocational & PfA,lesson,BUILD Estate v3,2026-27,,,,
bev3-build-asdan-fw-w6-plan-a-healthy-meal,BUILD · ASDAN · W6 · Plan a Healthy Meal (v3 route),BUILD Vocational & PfA,lesson,BUILD Estate v3,2026-27,,,,
bev3-build-asdan-li-w6-shopping-change,BUILD · ASDAN · W6 · Shopping & Change (v3 route),BUILD Vocational & PfA,lesson,BUILD Estate v3,2026-27,,,,
bev3-build-asdan-comm-w6-the-handover-its-benefit,BUILD · ASDAN · W6 · The Handover & Its Benefit (v3 route),BUILD Vocational & PfA,lesson,BUILD Estate v3,2026-27,,,,
bev3-build-asdan-careers-w6-what-happens-after-year-11,BUILD · ASDAN · W6 · What Happens After Year 11 (v3 route),BUILD Vocational & PfA,lesson,BUILD Estate v3,2026-27,,,,
bev3-build-asdan-careers-w7-my-career-profile,BUILD · ASDAN · W7 · My Career Profile (v3 route),BUILD Vocational & PfA,lesson,BUILD Estate v3,2026-27,,,,
bev3-build-asdan-hub,BUILD · ASDAN · v3 route · start here,BUILD Vocational & PfA,teacher,BUILD Estate v3,2026-27,,,,
bev3-dt-community-upcycling-build-dt-w1-the-workshop-audit,BUILD · D&T · W1 · The Workshop Audit (v3 route),BUILD Vocational & PfA,lesson,BUILD Estate v3,2026-27,,,,
bev3-dt-community-upcycling-build-dt-w2-the-blueprint,BUILD · D&T · W2 · The Blueprint (v3 route),BUILD Vocational & PfA,lesson,BUILD Estate v3,2026-27,,,,
bev3-dt-community-upcycling-build-dt-w3-the-core-cut,BUILD · D&T · W3 · The Core Cut (v3 route),BUILD Vocational & PfA,lesson,BUILD Estate v3,2026-27,,,,
bev3-dt-community-upcycling-build-dt-w4-the-assembly,BUILD · D&T · W4 · The Assembly (v3 route),BUILD Vocational & PfA,lesson,BUILD Estate v3,2026-27,,,,
bev3-dt-community-upcycling-build-dt-w5-the-finish,BUILD · D&T · W5 · The Finish (v3 route),BUILD Vocational & PfA,lesson,BUILD Estate v3,2026-27,,,,
bev3-dt-community-upcycling-build-dt-w6-the-handover,BUILD · D&T · W6 · The Handover (v3 route),BUILD Vocational & PfA,lesson,BUILD Estate v3,2026-27,,,,
bev3-dt-community-upcycling-hub,BUILD · D&T · v3 route · start here,BUILD Vocational & PfA,teacher,BUILD Estate v3,2026-27,,,,
dt-upcycling-w1,D&T W1 · The Workshop Audit,BUILD Vocational & PfA,lesson,BUILD · D&T Community Upcycling,2026-27,,,,
dt-upcycling-w2,D&T W2 · The Blueprint,BUILD Vocational & PfA,lesson,BUILD · D&T Community Upcycling,2026-27,,,,
dt-upcycling-w3,D&T W3 · The Core Cut,BUILD Vocational & PfA,lesson,BUILD · D&T Community Upcycling,2026-27,,,,
dt-upcycling-w4,D&T W4 · The Assembly,BUILD Vocational & PfA,lesson,BUILD · D&T Community Upcycling,2026-27,,,,
dt-upcycling-w5,D&T W5 · The Finish,BUILD Vocational & PfA,lesson,BUILD · D&T Community Upcycling,2026-27,,,,
dt-upcycling-w6,D&T W6 · The Handover,BUILD Vocational & PfA,lesson,BUILD · D&T Community Upcycling,2026-27,,,,
dt-upcycling-sow,D&T · Community Upcycling Scheme of Work,BUILD Vocational & PfA,support,BUILD · D&T Community Upcycling,2026-27,,,,
dt-upcycling-weekly,D&T · Community Upcycling Weekly Plan (lessons),BUILD Vocational & PfA,support,BUILD · D&T Community Upcycling,2026-27,,,,
dt-upcycling-hub,D&T · Teesside Community Upcycling (unit hub),BUILD Vocational & PfA,teacher,BUILD · D&T Community Upcycling,2026-27,,,,
grow-asdan-hub,GROW ASDAN — the full term (hub),GROW Vocational & PfA,teacher,GROW ASDAN,2026-27,,,,
grow-asdan-gcomm-w1-our-patch-our-say,"GROW ASDAN W1: Our Patch, Our Say (Community Project)",GROW Vocational & PfA,lesson,GROW ASDAN · Community Project,2026-27,,,,
grow-asdan-gcomm-w2-choose-the-need,GROW ASDAN W2: Choose the Need (Community Project),GROW Vocational & PfA,lesson,GROW ASDAN · Community Project,2026-27,,,,
grow-asdan-gcomm-w3-roles-steps-resources,"GROW ASDAN W3: Roles, Steps, Resources (Community Project)",GROW Vocational & PfA,lesson,GROW ASDAN · Community Project,2026-27,,,,
grow-asdan-gcomm-w4-first-contact,GROW ASDAN W4: First Contact (Community Project),GROW Vocational & PfA,lesson,GROW ASDAN · Community Project,2026-27,,,,
grow-asdan-gcomm-w5-risk-and-ready,GROW ASDAN W5: Risk & Ready (Community Project),GROW Vocational & PfA,lesson,GROW ASDAN · Community Project,2026-27,,,,
grow-asdan-gcomm-w6-green-light,GROW ASDAN W6: Green Light (Community Project),GROW Vocational & PfA,lesson,GROW ASDAN · Community Project,2026-27,,,,
grow-asdan-hub-community-project,GROW ASDAN: Community Project — START HERE,GROW Vocational & PfA,teacher,GROW ASDAN · Community Project,2026-27,,,,
grow-asdan-ent-w1-helps-and-earns,GROW ASDAN W1: Helps and Earns (Community & Enterprise),GROW Vocational & PfA,lesson,GROW ASDAN · Enterprise,2026-27,,,,
grow-asdan-ent-w2-spot-the-gap,GROW ASDAN W2: Spot the Gap (Community & Enterprise),GROW Vocational & PfA,lesson,GROW ASDAN · Enterprise,2026-27,,,,
grow-asdan-ent-w3-our-idea-our-users,"GROW ASDAN W3: Our Idea, Our Users (Community & Enterprise)",GROW Vocational & PfA,lesson,GROW ASDAN · Enterprise,2026-27,,,,
grow-asdan-ent-w4-money-in-money-out,"GROW ASDAN W4: Money In, Money Out (Community & Enterprise)",GROW Vocational & PfA,lesson,GROW ASDAN · Enterprise,2026-27,,,,
grow-asdan-ent-w5-brand-and-pitch,GROW ASDAN W5: Brand and Pitch (Community & Enterprise),GROW Vocational & PfA,lesson,GROW ASDAN · Enterprise,2026-27,,,,
grow-asdan-ent-w6-pitch-day,GROW ASDAN W6: Pitch Day (Community & Enterprise),GROW Vocational & PfA,lesson,GROW ASDAN · Enterprise,2026-27,,,,
grow-asdan-hub-enterprise,GROW ASDAN: Community & Enterprise — START HERE,GROW Vocational & PfA,teacher,GROW ASDAN · Enterprise,2026-27,,,,
grow-asdan-peq-w1-knowing-myself,GROW ASDAN W1: Knowing Myself (Personal Effectiveness (PEQ L1)),GROW Vocational & PfA,lesson,GROW ASDAN · Personal Effectiveness,2026-27,,,,
grow-asdan-peq-w2-goals-that-work,GROW ASDAN W2: Goals That Work (Personal Effectiveness (PEQ L1)),GROW Vocational & PfA,lesson,GROW ASDAN · Personal Effectiveness,2026-27,,,,
grow-asdan-peq-w3-working-with-others,GROW ASDAN W3: Working With Others (Personal Effectiveness (PEQ L1)),GROW Vocational & PfA,lesson,GROW ASDAN · Personal Effectiveness,2026-27,,,,
grow-asdan-peq-w4-managing-myself,GROW ASDAN W4: Managing Myself (Personal Effectiveness (PEQ L1)),GROW Vocational & PfA,lesson,GROW ASDAN · Personal Effectiveness,2026-27,,,,
grow-asdan-peq-w5-solving-problems,GROW ASDAN W5: Solving Problems (Personal Effectiveness (PEQ L1)),GROW Vocational & PfA,lesson,GROW ASDAN · Personal Effectiveness,2026-27,,,,
grow-asdan-peq-w6-present-my-progress,GROW ASDAN W6: Present My Progress (Personal Effectiveness (PEQ L1)),GROW Vocational & PfA,lesson,GROW ASDAN · Personal Effectiveness,2026-27,,,,
grow-asdan-hub-peq,GROW ASDAN: Personal Effectiveness (PEQ L1) — START HERE,GROW Vocational & PfA,teacher,GROW ASDAN · Personal Effectiveness,2026-27,,,,
glv3-grow-asdan-community-w1,"GROW · ASDAN · Community W1 · Our Patch, Our Say (v3 route)",GROW Vocational & PfA,Lesson,GROW Estate v3,2026-27,,,,
glv3-grow-asdan-community-w2,GROW · ASDAN · Community W2 · Choose the Need (v3 route),GROW Vocational & PfA,Lesson,GROW Estate v3,2026-27,,,,
glv3-grow-asdan-community-w3,"GROW · ASDAN · Community W3 · Roles, Steps, Resources (v3 route)",GROW Vocational & PfA,Lesson,GROW Estate v3,2026-27,,,,
glv3-grow-asdan-community-w4,GROW · ASDAN · Community W4 · First Contact (v3 route),GROW Vocational & PfA,Lesson,GROW Estate v3,2026-27,,,,
glv3-grow-asdan-community-w5,GROW · ASDAN · Community W5 · Risk & Ready (v3 route),GROW Vocational & PfA,Lesson,GROW Estate v3,2026-27,,,,
glv3-grow-asdan-community-w6,GROW · ASDAN · Community W6 · Green Light (v3 route),GROW Vocational & PfA,Lesson,GROW Estate v3,2026-27,,,,
glv3-grow-asdan-enterprise-w1,GROW · ASDAN · Enterprise W1 · Helps and Earns (v3 route),GROW Vocational & PfA,Lesson,GROW Estate v3,2026-27,,,,
glv3-grow-asdan-enterprise-w2,GROW · ASDAN · Enterprise W2 · Spot the Gap (v3 route),GROW Vocational & PfA,Lesson,GROW Estate v3,2026-27,,,,
glv3-grow-asdan-enterprise-w3,"GROW · ASDAN · Enterprise W3 · Our Idea, Our Users (v3 route)",GROW Vocational & PfA,Lesson,GROW Estate v3,2026-27,,,,
glv3-grow-asdan-enterprise-w4,"GROW · ASDAN · Enterprise W4 · Money In, Money Out (v3 route)",GROW Vocational & PfA,Lesson,GROW Estate v3,2026-27,,,,
glv3-grow-asdan-enterprise-w5,GROW · ASDAN · Enterprise W5 · Brand and Pitch (v3 route),GROW Vocational & PfA,Lesson,GROW Estate v3,2026-27,,,,
glv3-grow-asdan-enterprise-w6,GROW · ASDAN · Enterprise W6 · Pitch Day (v3 route),GROW Vocational & PfA,Lesson,GROW Estate v3,2026-27,,,,
glv3-grow-asdan-peq-w1,GROW · ASDAN · PEQ W1 · Knowing Myself (v3 route),GROW Vocational & PfA,Lesson,GROW Estate v3,2026-27,,,,
glv3-grow-asdan-peq-w2,GROW · ASDAN · PEQ W2 · Goals That Work (v3 route),GROW Vocational & PfA,Lesson,GROW Estate v3,2026-27,,,,
glv3-grow-asdan-peq-w3,GROW · ASDAN · PEQ W3 · Working With Others (v3 route),GROW Vocational & PfA,Lesson,GROW Estate v3,2026-27,,,,
glv3-grow-asdan-peq-w4,GROW · ASDAN · PEQ W4 · Managing Myself (v3 route),GROW Vocational & PfA,Lesson,GROW Estate v3,2026-27,,,,
glv3-grow-asdan-peq-w5,GROW · ASDAN · PEQ W5 · Solving Problems (v3 route),GROW Vocational & PfA,Lesson,GROW Estate v3,2026-27,,,,
glv3-grow-asdan-peq-w6,GROW · ASDAN · PEQ W6 · Present My Progress (v3 route),GROW Vocational & PfA,Lesson,GROW Estate v3,2026-27,,,,
glv3-grow-asdan-hub,GROW · ASDAN · alternative v3 route hub,GROW Vocational & PfA,Hub,GROW Estate v3,2026-27,,,,
glv3-grow-estate-hub,GROW · Autumn 1 alternative v3 estate,GROW Vocational & PfA,Hub,GROW Estate v3,2026-27,,,,
launch-asdan-hub,LAUNCH ASDAN — the full term (hub),LAUNCH Vocational & PfA,teacher,LAUNCH ASDAN,2026-27,,,,
launch-asdan-community-enterprise-w1-identify-a-community-need,LAUNCH ASDAN W1: Identify a Community Need (Community & Enterprise),LAUNCH Vocational & PfA,lesson,LAUNCH ASDAN · Community & Enterprise,2026-27,,,,
launch-asdan-community-enterprise-w2-plan-a-social-action-or-enterprise-project,LAUNCH ASDAN W2: Plan a Social-Action or Enterprise Project (Community & Enterprise),LAUNCH Vocational & PfA,lesson,LAUNCH ASDAN · Community & Enterprise,2026-27,,,,
launch-asdan-community-enterprise-w3-agree-roles-aims-and-timeline,LAUNCH ASDAN W3: Agree Roles Aims and Timeline (Community & Enterprise),LAUNCH Vocational & PfA,lesson,LAUNCH ASDAN · Community & Enterprise,2026-27,,,,
launch-asdan-community-enterprise-w4-partner-with-a-local-group-or-charity,LAUNCH ASDAN W4: Partner with a Local Group or Charity (Community & Enterprise),LAUNCH Vocational & PfA,lesson,LAUNCH ASDAN · Community & Enterprise,2026-27,,,,
launch-asdan-community-enterprise-w5-begin-delivering-the-project,LAUNCH ASDAN W5: Begin Delivering the Project (Community & Enterprise),LAUNCH Vocational & PfA,lesson,LAUNCH ASDAN · Community & Enterprise,2026-27,,,,
launch-asdan-community-enterprise-w6-promote-our-project,LAUNCH ASDAN W6: Promote Our Project (Community & Enterprise),LAUNCH Vocational & PfA,lesson,LAUNCH ASDAN · Community & Enterprise,2026-27,,,,
launch-asdan-hub-community-enterprise,LAUNCH ASDAN: Community & Enterprise — START HERE,LAUNCH Vocational & PfA,teacher,LAUNCH ASDAN · Community & Enterprise,2026-27,,,,
launch-asdan-careers-w1-know-myself-for-work,LAUNCH ASDAN W1: Know Myself for Work (Employability & Careers),LAUNCH Vocational & PfA,lesson,LAUNCH ASDAN · Employability & Careers,2026-27,,,,
launch-asdan-careers-w2-the-world-of-work-and-its-sectors,LAUNCH ASDAN W2: The World of Work and Its Sectors (Employability & Careers),LAUNCH Vocational & PfA,lesson,LAUNCH ASDAN · Employability & Careers,2026-27,,,,
launch-asdan-careers-w3-labour-market-information-and-pathways,LAUNCH ASDAN W3: Labour-Market Information and Pathways (Employability & Careers),LAUNCH Vocational & PfA,lesson,LAUNCH ASDAN · Employability & Careers,2026-27,,,,
launch-asdan-careers-w4-meeting-an-employer,LAUNCH ASDAN W4: Meeting an Employer (Employability & Careers),LAUNCH Vocational & PfA,lesson,LAUNCH ASDAN · Employability & Careers,2026-27,,,,
launch-asdan-careers-w5-matching-my-profile-to-opportunities,LAUNCH ASDAN W5: Matching My Profile to Opportunities (Employability & Careers),LAUNCH Vocational & PfA,lesson,LAUNCH ASDAN · Employability & Careers,2026-27,,,,
launch-asdan-careers-w6-setting-smart-careers-targets,LAUNCH ASDAN W6: Setting SMART Careers Targets (Employability & Careers),LAUNCH Vocational & PfA,lesson,LAUNCH ASDAN · Employability & Careers,2026-27,,,,
launch-asdan-hub-careers,LAUNCH ASDAN: Employability & Careers — START HERE,LAUNCH Vocational & PfA,teacher,LAUNCH ASDAN · Employability & Careers,2026-27,,,,
launch-asdan-living-independently-w1-self-care-routines-and-organisation,LAUNCH ASDAN W1: Self-Care Routines and Organisation (Independent Living),LAUNCH Vocational & PfA,lesson,LAUNCH ASDAN · Independent Living,2026-27,,,,
launch-asdan-living-independently-w2-home-safety-and-hazard-awareness,LAUNCH ASDAN W2: Home Safety and Hazard Awareness (Independent Living),LAUNCH Vocational & PfA,lesson,LAUNCH ASDAN · Independent Living,2026-27,,,,
launch-asdan-living-independently-w3-laundry-and-household-maintenance,LAUNCH ASDAN W3: Laundry and Household Maintenance (Independent Living),LAUNCH Vocational & PfA,lesson,LAUNCH ASDAN · Independent Living,2026-27,,,,
launch-asdan-living-independently-w4-keeping-a-clean-safe-living-space,LAUNCH ASDAN W4: Keeping a Clean Safe Living Space (Independent Living),LAUNCH Vocational & PfA,lesson,LAUNCH ASDAN · Independent Living,2026-27,,,,
launch-asdan-living-independently-w5-personal-admin-and-responsibilities,LAUNCH ASDAN W5: Personal Admin and Responsibilities (Independent Living),LAUNCH Vocational & PfA,lesson,LAUNCH ASDAN · Independent Living,2026-27,,,,
launch-asdan-living-independently-w6-plan-and-shop-for-a-balanced-meal,LAUNCH ASDAN W6: Plan and Shop for a Balanced Meal (Independent Living),LAUNCH Vocational & PfA,lesson,LAUNCH ASDAN · Independent Living,2026-27,,,,
launch-asdan-hub-living-independently,LAUNCH ASDAN: Independent Living — START HERE,LAUNCH Vocational & PfA,teacher,LAUNCH ASDAN · Independent Living,2026-27,,,,
launch-asdan-peq-w1-intro-and-choosing-my-level,LAUNCH ASDAN W1: Intro and Choosing My Level (Personal Effectiveness (PEQ L1)),LAUNCH Vocational & PfA,lesson,LAUNCH ASDAN · Personal Effectiveness,2026-27,,,,
launch-asdan-peq-w2-what-makes-communication-effective,LAUNCH ASDAN W2: What Makes Communication Effective (Personal Effectiveness (PEQ L1)),LAUNCH Vocational & PfA,lesson,LAUNCH ASDAN · Personal Effectiveness,2026-27,,,,
launch-asdan-peq-w3-active-listening-and-giving-feedback,LAUNCH ASDAN W3: Active Listening and Giving Feedback (Personal Effectiveness (PEQ L1)),LAUNCH Vocational & PfA,lesson,LAUNCH ASDAN · Personal Effectiveness,2026-27,,,,
launch-asdan-peq-w4-plan-a-communication-activity,LAUNCH ASDAN W4: Plan a Communication Activity (Personal Effectiveness (PEQ L1)),LAUNCH Vocational & PfA,lesson,LAUNCH ASDAN · Personal Effectiveness,2026-27,,,,
launch-asdan-peq-w5-deliver-the-activity-and-gather-evidence,LAUNCH ASDAN W5: Deliver the Activity and Gather Evidence (Personal Effectiveness (PEQ L1)),LAUNCH Vocational & PfA,lesson,LAUNCH ASDAN · Personal Effectiveness,2026-27,,,,
launch-asdan-peq-w6-review-progress-and-sign-off-the-unit,LAUNCH ASDAN W6: Review Progress and Sign Off the Unit (Personal Effectiveness (PEQ L1)),LAUNCH Vocational & PfA,lesson,LAUNCH ASDAN · Personal Effectiveness,2026-27,,,,
launch-asdan-hub-peq,LAUNCH ASDAN: Personal Effectiveness (PEQ L1) — START HERE,LAUNCH Vocational & PfA,teacher,LAUNCH ASDAN · Personal Effectiveness,2026-27,,,,
launch-asdan-vocational-w1-introduction-to-vocational-skills-and-workplaces,LAUNCH ASDAN W1: Introduction to Vocational Skills and Workplaces (Vocational Skills),LAUNCH Vocational & PfA,lesson,LAUNCH ASDAN · Vocational Skills,2026-27,,,,
launch-asdan-vocational-w2-health-safety-and-hygiene-at-work,LAUNCH ASDAN W2: Health Safety and Hygiene at Work (Vocational Skills),LAUNCH Vocational & PfA,lesson,LAUNCH ASDAN · Vocational Skills,2026-27,,,,
launch-asdan-vocational-w3-following-instructions-and-routines,LAUNCH ASDAN W3: Following Instructions and Routines (Vocational Skills),LAUNCH Vocational & PfA,lesson,LAUNCH ASDAN · Vocational Skills,2026-27,,,,
launch-asdan-vocational-w4-teamwork-in-a-vocational-setting,LAUNCH ASDAN W4: Teamwork in a Vocational Setting (Vocational Skills),LAUNCH Vocational & PfA,lesson,LAUNCH ASDAN · Vocational Skills,2026-27,,,,
launch-asdan-vocational-w5-tools-equipment-and-safe-use,LAUNCH ASDAN W5: Tools Equipment and Safe Use (Vocational Skills),LAUNCH Vocational & PfA,lesson,LAUNCH ASDAN · Vocational Skills,2026-27,,,,
launch-asdan-vocational-w6-complete-a-supported-vocational-task,LAUNCH ASDAN W6: Complete a Supported Vocational Task (Vocational Skills),LAUNCH Vocational & PfA,lesson,LAUNCH ASDAN · Vocational Skills,2026-27,,,,
launch-asdan-hub-vocational,LAUNCH ASDAN: Vocational Skills — START HERE,LAUNCH Vocational & PfA,teacher,LAUNCH ASDAN · Vocational Skills,2026-27,,,,
glv3-launch-asdan-careers-w1,LAUNCH · ASDAN · Careers W1 · Know Myself for Work (v3 route),LAUNCH Vocational & PfA,Lesson,LAUNCH Estate v3,2026-27,,,,
glv3-launch-asdan-careers-w2,LAUNCH · ASDAN · Careers W2 · The World of Work & Its Sectors (v3 route),LAUNCH Vocational & PfA,Lesson,LAUNCH Estate v3,2026-27,,,,
glv3-launch-asdan-careers-w3,LAUNCH · ASDAN · Careers W3 · Labour-Market Information & Pathways (v3 route),LAUNCH Vocational & PfA,Lesson,LAUNCH Estate v3,2026-27,,,,
glv3-launch-asdan-careers-w4,LAUNCH · ASDAN · Careers W4 · Meeting an Employer (v3 route),LAUNCH Vocational & PfA,Lesson,LAUNCH Estate v3,2026-27,,,,
glv3-launch-asdan-careers-w5,LAUNCH · ASDAN · Careers W5 · Matching My Profile to Opportunities (v3 route),LAUNCH Vocational & PfA,Lesson,LAUNCH Estate v3,2026-27,,,,
glv3-launch-asdan-careers-w6,LAUNCH · ASDAN · Careers W6 · Setting SMART Careers Targets (v3 route),LAUNCH Vocational & PfA,Lesson,LAUNCH Estate v3,2026-27,,,,
glv3-launch-asdan-community-w1,LAUNCH · ASDAN · Community W1 · Identify a Community Need (v3 route),LAUNCH Vocational & PfA,Lesson,LAUNCH Estate v3,2026-27,,,,
glv3-launch-asdan-community-w2,LAUNCH · ASDAN · Community W2 · Plan a Social-Action or Enterprise Project (v3 route),LAUNCH Vocational & PfA,Lesson,LAUNCH Estate v3,2026-27,,,,
glv3-launch-asdan-community-w3,"LAUNCH · ASDAN · Community W3 · Agree Roles, Aims & Timeline (v3 route)",LAUNCH Vocational & PfA,Lesson,LAUNCH Estate v3,2026-27,,,,
glv3-launch-asdan-community-w4,LAUNCH · ASDAN · Community W4 · Partner with a Local Group or Charity (v3 route),LAUNCH Vocational & PfA,Lesson,LAUNCH Estate v3,2026-27,,,,
glv3-launch-asdan-community-w5,LAUNCH · ASDAN · Community W5 · Begin Delivering the Project (v3 route),LAUNCH Vocational & PfA,Lesson,LAUNCH Estate v3,2026-27,,,,
glv3-launch-asdan-community-w6,LAUNCH · ASDAN · Community W6 · Promote Our Project (v3 route),LAUNCH Vocational & PfA,Lesson,LAUNCH Estate v3,2026-27,,,,
glv3-launch-asdan-living-independently-w1,LAUNCH · ASDAN · Living Independently W1 · Self-Care Routines & Organisation (v3 route),LAUNCH Vocational & PfA,Lesson,LAUNCH Estate v3,2026-27,,,,
glv3-launch-asdan-living-independently-w2,LAUNCH · ASDAN · Living Independently W2 · Home Safety & Hazard Awareness (v3 route),LAUNCH Vocational & PfA,Lesson,LAUNCH Estate v3,2026-27,,,,
glv3-launch-asdan-living-independently-w3,LAUNCH · ASDAN · Living Independently W3 · Laundry & Household Maintenance (v3 route),LAUNCH Vocational & PfA,Lesson,LAUNCH Estate v3,2026-27,,,,
glv3-launch-asdan-living-independently-w4,"LAUNCH · ASDAN · Living Independently W4 · Keeping a Clean, Safe Living Space (v3 route)",LAUNCH Vocational & PfA,Lesson,LAUNCH Estate v3,2026-27,,,,
glv3-launch-asdan-living-independently-w5,LAUNCH · ASDAN · Living Independently W5 · Personal Admin & Responsibilities (v3 route),LAUNCH Vocational & PfA,Lesson,LAUNCH Estate v3,2026-27,,,,
glv3-launch-asdan-living-independently-w6,LAUNCH · ASDAN · Living Independently W6 · Plan & Shop for a Balanced Meal (v3 route),LAUNCH Vocational & PfA,Lesson,LAUNCH Estate v3,2026-27,,,,
glv3-launch-asdan-peq-w1,LAUNCH · ASDAN · PEQ W1 · Intro & Choosing My Level (v3 route),LAUNCH Vocational & PfA,Lesson,LAUNCH Estate v3,2026-27,,,,
glv3-launch-asdan-peq-w2,LAUNCH · ASDAN · PEQ W2 · What Makes Communication Effective (v3 route),LAUNCH Vocational & PfA,Lesson,LAUNCH Estate v3,2026-27,,,,
glv3-launch-asdan-peq-w3,LAUNCH · ASDAN · PEQ W3 · Active Listening & Giving Feedback (v3 route),LAUNCH Vocational & PfA,Lesson,LAUNCH Estate v3,2026-27,,,,
glv3-launch-asdan-peq-w4,LAUNCH · ASDAN · PEQ W4 · Plan a Communication Activity (v3 route),LAUNCH Vocational & PfA,Lesson,LAUNCH Estate v3,2026-27,,,,
glv3-launch-asdan-peq-w5,LAUNCH · ASDAN · PEQ W5 · Deliver the Activity & Gather Evidence (v3 route),LAUNCH Vocational & PfA,Lesson,LAUNCH Estate v3,2026-27,,,,
glv3-launch-asdan-peq-w6,LAUNCH · ASDAN · PEQ W6 · Review Progress & Sign Off the Unit (v3 route),LAUNCH Vocational & PfA,Lesson,LAUNCH Estate v3,2026-27,,,,
glv3-launch-asdan-vocational-w1,LAUNCH · ASDAN · Vocational W1 · Introduction to Vocational Skills & Workplaces (v3 route),LAUNCH Vocational & PfA,Lesson,LAUNCH Estate v3,2026-27,,,,
glv3-launch-asdan-vocational-w2,"LAUNCH · ASDAN · Vocational W2 · Health, Safety & Hygiene at Work (v3 route)",LAUNCH Vocational & PfA,Lesson,LAUNCH Estate v3,2026-27,,,,
glv3-launch-asdan-vocational-w3,LAUNCH · ASDAN · Vocational W3 · Following Instructions & Routines (v3 route),LAUNCH Vocational & PfA,Lesson,LAUNCH Estate v3,2026-27,,,,
glv3-launch-asdan-vocational-w4,LAUNCH · ASDAN · Vocational W4 · Teamwork in a Vocational Setting (v3 route),LAUNCH Vocational & PfA,Lesson,LAUNCH Estate v3,2026-27,,,,
glv3-launch-asdan-vocational-w5,"LAUNCH · ASDAN · Vocational W5 · Tools, Equipment & Safe Use (v3 route)",LAUNCH Vocational & PfA,Lesson,LAUNCH Estate v3,2026-27,,,,
glv3-launch-asdan-vocational-w6,LAUNCH · ASDAN · Vocational W6 · Complete a Supported Vocational Task (v3 route),LAUNCH Vocational & PfA,Lesson,LAUNCH Estate v3,2026-27,,,,
glv3-launch-asdan-hub,LAUNCH · ASDAN · alternative v3 route hub,LAUNCH Vocational & PfA,Hub,LAUNCH Estate v3,2026-27,,,,
glv3-launch-estate-hub,LAUNCH · Autumn 1 alternative v3 estate,LAUNCH Vocational & PfA,Hub,LAUNCH Estate v3,2026-27,,,,
build-art-aut1-w1,BUILD W1 · Technique Tasters,Art,lesson,BUILD · Art & Arts Award Aut 1,2026-27,,,,
build-art-aut1-w2,BUILD W2 · Level It Up,Art,lesson,BUILD · Art & Arts Award Aut 1,2026-27,,,,
build-art-aut1-w3,BUILD W3 · Plan: This Is Me,Art,lesson,BUILD · Art & Arts Award Aut 1,2026-27,,,,
build-art-aut1-w4,BUILD W4 · Make It,Art,lesson,BUILD · Art & Arts Award Aut 1,2026-27,,,,
build-art-aut1-w5,BUILD W5 · A Star and a Step,Art,lesson,BUILD · Art & Arts Award Aut 1,2026-27,,,,
build-art-aut1-w6,BUILD W6 · Meet an Artist,Art,lesson,BUILD · Art & Arts Award Aut 1,2026-27,,,,
build-art-aut1-w7,BUILD W7 · Show and Tell,Art,lesson,BUILD · Art & Arts Award Aut 1,2026-27,,,,
build-art-aut1-w8,BUILD W8 · Festival Sounds,Art,lesson,BUILD · Art & Arts Award Aut 1,2026-27,,,,
grow-art-aut1-w1,GROW W1 · Art Battle Tasters,Art,lesson,GROW · Art & Arts Award Aut 1,2026-27,,,,
grow-art-aut1-w2,GROW W2 · Level Up Portrait,Art,lesson,GROW · Art & Arts Award Aut 1,2026-27,,,,
grow-art-aut1-w3,GROW W3 · Plan The Portrait,Art,lesson,GROW · Art & Arts Award Aut 1,2026-27,,,,
grow-art-aut1-w4,GROW W4 · Create The Piece,Art,lesson,GROW · Art & Arts Award Aut 1,2026-27,,,,
grow-art-aut1-w5,GROW W5 · Review And Improve,Art,lesson,GROW · Art & Arts Award Aut 1,2026-27,,,,
grow-art-aut1-w6,GROW W6 · Artist Research,Art,lesson,GROW · Art & Arts Award Aut 1,2026-27,,,,
grow-art-aut1-w7,GROW W7 · Share The Portfolio,Art,lesson,GROW · Art & Arts Award Aut 1,2026-27,,,,
grow-art-aut1-w8,GROW W8 · Festival Sounds,Art,lesson,GROW · Art & Arts Award Aut 1,2026-27,,,,
art-tees-partnership-log,Art Teesside · arts partnership log (staff),Art · Teesside Studio Suite,teacher,Art Teesside,2026-27,,,,
art-tees-house-standard,Art Teesside · print pack house standard & studio safety,Art · Teesside Studio Suite,teacher,Art Teesside,2026-27,,,,
art-tees-spring2-pack,Art · Spring 2 · Teesworks & Reclaimed Spaces printable evidence pack,Art · Teesside Studio Suite,support,Art Teesside,2026-27,,,,
art-tees-spring2-sow,Art · Spring 2 · Teesworks & Reclaimed Spaces scheme of work,Art · Teesside Studio Suite,support,Art Teesside,2026-27,,,,
art-tees-summer1-pack,Art · Summer 1 · Narrative & Banners printable evidence pack,Art · Teesside Studio Suite,support,Art Teesside,2026-27,,,,
art-tees-summer1-sow,Art · Summer 1 · Narrative & Banners scheme of work,Art · Teesside Studio Suite,support,Art Teesside,2026-27,,,,
art-tees-summer2-pack,Art · Summer 2 · Capstone: Curation & Claim printable evidence pack,Art · Teesside Studio Suite,support,Art Teesside,2026-27,,,,
art-tees-summer2-sow,Art · Summer 2 · Capstone: Curation & Claim scheme of work,Art · Teesside Studio Suite,support,Art Teesside,2026-27,,,,
art-tees-front,Art · Teesside Studio Suite (all three tiers),Art · Teesside Studio Suite,teacher,Art Teesside,2026-27,,,,
art-tees-build-a2-w1,BUILD · Bronze Art A2 W1 · Surface Hunt,Art · Teesside Studio Suite,lesson,Art Teesside,2026-27,,,,
art-tees-build-a2-w2,BUILD · Bronze Art A2 W2 · Arts Inspiration,Art · Teesside Studio Suite,lesson,Art Teesside,2026-27,,,,
art-tees-build-a2-w3,BUILD · Bronze Art A2 W3 · Stencil Lab,Art · Teesside Studio Suite,lesson,Art Teesside,2026-27,,,,
art-tees-build-a2-w4,BUILD · Bronze Art A2 W4 · Audience Week,Art · Teesside Studio Suite,lesson,Art Teesside,2026-27,,,,
art-tees-build-a2-w5,BUILD · Bronze Art A2 W5 · Layer and Combine,Art · Teesside Studio Suite,lesson,Art Teesside,2026-27,,,,
art-tees-build-a2-w6,BUILD · Bronze Art A2 W6 · Resolve and Edition,Art · Teesside Studio Suite,lesson,Art Teesside,2026-27,,,,
art-tees-build-a2-w7,BUILD · Bronze Art A2 W7 · Bank It and Plan the Teach,Art · Teesside Studio Suite,lesson,Art Teesside,2026-27,,,,
art-tees-build-a2-studio,BUILD · Bronze Art A2 · Studio Session run sheets,Art · Teesside Studio Suite,teacher,Art Teesside,2026-27,,,,
art-tees-build-a2-pack,BUILD · Bronze Art · Autumn 2 printable evidence pack,Art · Teesside Studio Suite,support,Art Teesside,2026-27,,,,
art-tees-build-a2-sow,BUILD · Bronze Art · Autumn 2 scheme of work,Art · Teesside Studio Suite,support,Art Teesside,2026-27,,,,
art-tees-build-s1-pack,BUILD · Bronze Art · Spring 1 printable evidence pack,Art · Teesside Studio Suite,support,Art Teesside,2026-27,,,,
art-tees-build-s1-sow,BUILD · Bronze Art · Spring 1 scheme of work,Art · Teesside Studio Suite,support,Art Teesside,2026-27,,,,
art-tees-build-w1,BUILD · Explore Art W1 · The Local Canvas,Art · Teesside Studio Suite,lesson,Art Teesside,2026-27,,,,
art-tees-build-w2,BUILD · Explore Art W2 · Artists Makers and Teesside Connections,Art · Teesside Studio Suite,lesson,Art Teesside,2026-27,,,,
art-tees-build-w3,BUILD · Explore Art W3 · Industrial Surface Skills Lab,Art · Teesside Studio Suite,lesson,Art Teesside,2026-27,,,,
art-tees-build-w4,BUILD · Explore Art W4 · Build the Brief,Art · Teesside Studio Suite,lesson,Art Teesside,2026-27,,,,
art-tees-build-w5,BUILD · Explore Art W5 · Critique Test and Redirect,Art · Teesside Studio Suite,lesson,Art Teesside,2026-27,,,,
art-tees-build-w6,BUILD · Explore Art W6 · Resolve the Artwork,Art · Teesside Studio Suite,lesson,Art Teesside,2026-27,,,,
art-tees-build-w7,BUILD · Explore Art W7 · Curate the Showcase,Art · Teesside Studio Suite,lesson,Art Teesside,2026-27,,,,
art-tees-build-w8,BUILD · Explore Art W8 · Share Reflect and Close the Loop,Art · Teesside Studio Suite,lesson,Art Teesside,2026-27,,,,
art-tees-build-sow,BUILD · Explore Art · Scheme of Work,Art · Teesside Studio Suite,support,Art Teesside,2026-27,,,,
art-tees-build-pack,BUILD · Explore Art · printable evidence pack,Art · Teesside Studio Suite,support,Art Teesside,2026-27,,,,
art-tees-build-hub,BUILD · Explore Art · start here,Art · Teesside Studio Suite,teacher,Art Teesside,2026-27,,,,
art-tees-grow-w1,GROW · Bronze Art W1 · The Local Canvas,Art · Teesside Studio Suite,lesson,Art Teesside,2026-27,,,,
art-tees-grow-w2,GROW · Bronze Art W2 · Studio Skills and Safe Practice,Art · Teesside Studio Suite,lesson,Art Teesside,2026-27,,,,
art-tees-grow-w3,GROW · Bronze Art W3 · Independent Studio Challenge,Art · Teesside Studio Suite,lesson,Art Teesside,2026-27,,,,
art-tees-grow-w4,GROW · Bronze Art W4 · Arts Event Attend Capture and Review,Art · Teesside Studio Suite,lesson,Art Teesside,2026-27,,,,
art-tees-grow-w5,GROW · Bronze Art W5 · Practitioner Career and Inspiration,Art · Teesside Studio Suite,lesson,Art Teesside,2026-27,,,,
art-tees-grow-w6,GROW · Bronze Art W6 · Plan and Rehearse the Skill Share,Art · Teesside Studio Suite,lesson,Art Teesside,2026-27,,,,
art-tees-grow-w7,GROW · Bronze Art W7 · Deliver the Skill Share and Curate,Art · Teesside Studio Suite,lesson,Art Teesside,2026-27,,,,
art-tees-grow-w8,GROW · Bronze Art W8 · Reflect Audit and Close the Loop,Art · Teesside Studio Suite,lesson,Art Teesside,2026-27,,,,
art-tees-grow-sow,GROW · Bronze Art · Scheme of Work,Art · Teesside Studio Suite,support,Art Teesside,2026-27,,,,
art-tees-grow-pack,GROW · Bronze Art · printable evidence pack,Art · Teesside Studio Suite,support,Art Teesside,2026-27,,,,
art-tees-grow-hub,GROW · Bronze Art · start here,Art · Teesside Studio Suite,teacher,Art Teesside,2026-27,,,,
art-tees-launch-w1,LAUNCH · Silver Art W1 · Frame the Local Challenge,Art · Teesside Studio Suite,lesson,Art Teesside,2026-27,,,,
art-tees-launch-w2,LAUNCH · Silver Art W2 · Practice Careers and Pathways,Art · Teesside Studio Suite,lesson,Art Teesside,2026-27,,,,
art-tees-launch-w3,LAUNCH · Silver Art W3 · Implement and Critically Develop,Art · Teesside Studio Suite,lesson,Art Teesside,2026-27,,,,
art-tees-launch-w4,LAUNCH · Silver Art W4 · Arts Experience Attend Analyse and Share,Art · Teesside Studio Suite,lesson,Art Teesside,2026-27,,,,
art-tees-launch-w5,LAUNCH · Silver Art W5 · Design the Leadership Project,Art · Teesside Studio Suite,lesson,Art Teesside,2026-27,,,,
art-tees-launch-w6,LAUNCH · Silver Art W6 · Pilot Lead and Adapt,Art · Teesside Studio Suite,lesson,Art Teesside,2026-27,,,,
art-tees-launch-w7,LAUNCH · Silver Art W7 · Deliver and Curate the Arts Project,Art · Teesside Studio Suite,lesson,Art Teesside,2026-27,,,,
art-tees-launch-w8,LAUNCH · Silver Art W8 · Review Influence and Portfolio Audit,Art · Teesside Studio Suite,lesson,Art Teesside,2026-27,,,,
art-tees-launch-sow,LAUNCH · Silver Art · Scheme of Work,Art · Teesside Studio Suite,support,Art Teesside,2026-27,,,,
art-tees-launch-pack,LAUNCH · Silver Art · printable evidence pack,Art · Teesside Studio Suite,support,Art Teesside,2026-27,,,,
art-tees-launch-hub,LAUNCH · Silver Art · start here,Art · Teesside Studio Suite,teacher,Art Teesside,2026-27,,,,
bev3-art-teesside-build-art-w1-the-local-canvas,BUILD · Art · W1 · The Local Canvas (v3 route),Art · Teesside Studio Suite,lesson,BUILD Estate v3,2026-27,,,,
bev3-art-teesside-build-art-w2-artists-makers-and-teesside-connections,"BUILD · Art · W2 · Artists, Makers and Teesside Connections (v3 route)",Art · Teesside Studio Suite,lesson,BUILD Estate v3,2026-27,,,,
bev3-art-teesside-build-art-w3-industrial-surface-skills-lab,BUILD · Art · W3 · Industrial Surface Skills Lab (v3 route),Art · Teesside Studio Suite,lesson,BUILD Estate v3,2026-27,,,,
bev3-art-teesside-build-art-w4-build-the-brief,BUILD · Art · W4 · Build the Brief (v3 route),Art · Teesside Studio Suite,lesson,BUILD Estate v3,2026-27,,,,
bev3-art-teesside-build-art-w5-critique-test-and-redirect,"BUILD · Art · W5 · Critique, Test and Redirect (v3 route)",Art · Teesside Studio Suite,lesson,BUILD Estate v3,2026-27,,,,
bev3-art-teesside-build-art-w6-resolve-the-artwork,BUILD · Art · W6 · Resolve the Artwork (v3 route),Art · Teesside Studio Suite,lesson,BUILD Estate v3,2026-27,,,,
bev3-art-teesside-build-art-w7-curate-the-showcase,BUILD · Art · W7 · Curate the Showcase (v3 route),Art · Teesside Studio Suite,lesson,BUILD Estate v3,2026-27,,,,
bev3-art-teesside-build-art-w8-share-reflect-and-close-the-loop,"BUILD · Art · W8 · Share, Reflect and Close the Loop (v3 route)",Art · Teesside Studio Suite,lesson,BUILD Estate v3,2026-27,,,,
bev3-art-teesside-hub,BUILD · Art · v3 route · start here,Art · Teesside Studio Suite,teacher,BUILD Estate v3,2026-27,,,,
glv3-grow-art-w1,GROW · Art · W1 · The Local Canvas (v3 route),Art · Teesside Studio Suite,Lesson,GROW Estate v3,2026-27,,,,
glv3-grow-art-w2,GROW · Art · W2 · Studio Skills & Safe Practice (v3 route),Art · Teesside Studio Suite,Lesson,GROW Estate v3,2026-27,,,,
glv3-grow-art-w3,GROW · Art · W3 · Independent Studio Challenge (v3 route),Art · Teesside Studio Suite,Lesson,GROW Estate v3,2026-27,,,,
glv3-grow-art-w4,"GROW · Art · W4 · Arts Event · Attend, Capture & Review (v3 route)",Art · Teesside Studio Suite,Lesson,GROW Estate v3,2026-27,,,,
glv3-grow-art-w5,"GROW · Art · W5 · Practitioner, Career & Inspiration (v3 route)",Art · Teesside Studio Suite,Lesson,GROW Estate v3,2026-27,,,,
glv3-grow-art-w6,GROW · Art · W6 · Plan & Rehearse the Skill Share (v3 route),Art · Teesside Studio Suite,Lesson,GROW Estate v3,2026-27,,,,
glv3-grow-art-w7,GROW · Art · W7 · Deliver the Skill Share & Curate (v3 route),Art · Teesside Studio Suite,Lesson,GROW Estate v3,2026-27,,,,
glv3-grow-art-w8,"GROW · Art · W8 · Reflect, Audit & Close the Loop (v3 route)",Art · Teesside Studio Suite,Lesson,GROW Estate v3,2026-27,,,,
glv3-grow-art-hub,GROW · Art · alternative v3 route hub,Art · Teesside Studio Suite,Hub,GROW Estate v3,2026-27,,,,
glv3-launch-art-w1,LAUNCH · Silver Art · W1 · Frame the Local Challenge (v3 route),Art · Teesside Studio Suite,Lesson,LAUNCH Estate v3,2026-27,,,,
glv3-launch-art-w2,"LAUNCH · Silver Art · W2 · Practice, Careers & Pathways (v3 route)",Art · Teesside Studio Suite,Lesson,LAUNCH Estate v3,2026-27,,,,
glv3-launch-art-w3,LAUNCH · Silver Art · W3 · Implement & Critically Develop (v3 route),Art · Teesside Studio Suite,Lesson,LAUNCH Estate v3,2026-27,,,,
glv3-launch-art-w4,"LAUNCH · Silver Art · W4 · Arts Experience · Attend, Analyse & Share (v3 route)",Art · Teesside Studio Suite,Lesson,LAUNCH Estate v3,2026-27,,,,
glv3-launch-art-w5,LAUNCH · Silver Art · W5 · Design the Leadership Project (v3 route),Art · Teesside Studio Suite,Lesson,LAUNCH Estate v3,2026-27,,,,
glv3-launch-art-w6,"LAUNCH · Silver Art · W6 · Pilot, Lead & Adapt (v3 route)",Art · Teesside Studio Suite,Lesson,LAUNCH Estate v3,2026-27,,,,
glv3-launch-art-w7,LAUNCH · Silver Art · W7 · Deliver & Curate the Arts Project (v3 route),Art · Teesside Studio Suite,Lesson,LAUNCH Estate v3,2026-27,,,,
glv3-launch-art-w8,"LAUNCH · Silver Art · W8 · Review, Influence & Portfolio Audit (v3 route)",Art · Teesside Studio Suite,Lesson,LAUNCH Estate v3,2026-27,,,,
glv3-launch-art-hub,LAUNCH · Silver Art · alternative v3 route hub,Art · Teesside Studio Suite,Hub,LAUNCH Estate v3,2026-27,,,,
launch-art-aut1-w1,LAUNCH W1 · Gallery Detectives,Arts Award,lesson,LAUNCH · Art & Arts Award Aut 1,2026-27,,,,
launch-art-aut1-w2,LAUNCH W2 · Symbolism Self Portrait,Arts Award,lesson,LAUNCH · Art & Arts Award Aut 1,2026-27,,,,
launch-art-aut1-w3,LAUNCH W3 · Practitioner Research,Arts Award,lesson,LAUNCH · Art & Arts Award Aut 1,2026-27,,,,
launch-art-aut1-w4,LAUNCH W4 · Refine With Feedback,Arts Award,lesson,LAUNCH · Art & Arts Award Aut 1,2026-27,,,,
launch-art-aut1-w5,LAUNCH W5 · Plan The Experience,Arts Award,lesson,LAUNCH · Art & Arts Award Aut 1,2026-27,,,,
launch-art-aut1-w6,LAUNCH W6 · Experience The Event,Arts Award,lesson,LAUNCH · Art & Arts Award Aut 1,2026-27,,,,
launch-art-aut1-w7,LAUNCH W7 · Begin The Review,Arts Award,lesson,LAUNCH · Art & Arts Award Aut 1,2026-27,,,,
launch-art-aut1-w8,LAUNCH W8 · Complete The Review,Arts Award,lesson,LAUNCH · Art & Arts Award Aut 1,2026-27,,,,
baseline-profile-review,Baseline Profile Review (staff sheet),Baseline,teacher,Baseline Weeks,2026-27,,,,
baseline-weeks-hub,Baseline Weeks · start here,Baseline,teacher,Baseline Weeks,2026-27,,,,
baseline-maths-a,Maths Baseline · Pathway A · Standard Transitions,Baseline,pupil,Baseline Weeks,2026-27,,,,
baseline-maths-b,Maths Baseline · Pathway B · Specialist / SEMH,Baseline,pupil,Baseline Weeks,2026-27,,,,
baseline-reading-writing-a,Reading & Writing Baseline · Pathway A · Standard Transitions,Baseline,pupil,Baseline Weeks,2026-27,,,,
baseline-reading-writing-b,Reading & Writing Baseline · Pathway B · Specialist / SEMH,Baseline,pupil,Baseline Weeks,2026-27,,,,
baseline-science-a,Science Baseline · Pathway A · Standard Transitions,Baseline,pupil,Baseline Weeks,2026-27,,,,
baseline-science-b,Science Baseline · Pathway B · Specialist / SEMH,Baseline,pupil,Baseline Weeks,2026-27,,,,
bev3-humanities-teesside-build-hum-w1-the-big-timeline,BUILD · Humanities · W1 · The Big Timeline (v3 route),Humanities,lesson,BUILD Estate v3,2026-27,,,,
bev3-humanities-teesside-build-hum-w2-history-detectives,BUILD · Humanities · W2 · History Detectives (v3 route),Humanities,lesson,BUILD Estate v3,2026-27,,,,
bev3-humanities-teesside-build-hum-w3-why-people-came,BUILD · Humanities · W3 · Why People Came (v3 route),Humanities,lesson,BUILD Estate v3,2026-27,,,,
bev3-humanities-teesside-build-hum-w4-people-who-shaped-britain,BUILD · Humanities · W4 · People Who Shaped Britain (v3 route),Humanities,lesson,BUILD Estate v3,2026-27,,,,
bev3-humanities-teesside-build-hum-w5-big-deal-or-small-deal,BUILD · Humanities · W5 · Big Deal or Small Deal? (v3 route),Humanities,lesson,BUILD Estate v3,2026-27,,,,
bev3-humanities-teesside-build-hum-w6-plan-the-story,BUILD · Humanities · W6 · Plan the Story (v3 route),Humanities,lesson,BUILD Estate v3,2026-27,,,,
bev3-humanities-teesside-build-hum-w7-tell-the-story,BUILD · Humanities · W7 · Tell the Story (v3 route),Humanities,lesson,BUILD Estate v3,2026-27,,,,
bev3-humanities-teesside-build-hum-w8-where-in-the-world,BUILD · Humanities · W8 · Where in the World? (v3 route),Humanities,lesson,BUILD Estate v3,2026-27,,,,
bev3-humanities-teesside-hub,BUILD · Humanities · v3 route · start here,Humanities,teacher,BUILD Estate v3,2026-27,,,,
build-hum-aut1-w1,BUILD W1 · The Big Timeline,Humanities,lesson,BUILD · Humanities Aut 1,2026-27,,,,
build-hum-aut1-w2,BUILD W2 · History Detectives,Humanities,lesson,BUILD · Humanities Aut 1,2026-27,,,,
build-hum-aut1-w3,BUILD W3 · Why People Came,Humanities,lesson,BUILD · Humanities Aut 1,2026-27,,,,
build-hum-aut1-w4,BUILD W4 · People Who Shaped Britain,Humanities,lesson,BUILD · Humanities Aut 1,2026-27,,,,
build-hum-aut1-w5,BUILD W5 · What's the Big Deal?,Humanities,lesson,BUILD · Humanities Aut 1,2026-27,,,,
build-hum-aut1-w6,BUILD W6 · Plan the Story,Humanities,lesson,BUILD · Humanities Aut 1,2026-27,,,,
build-hum-aut1-w7,BUILD W7 · Tell the Story,Humanities,lesson,BUILD · Humanities Aut 1,2026-27,,,,
build-hum-aut1-w8,BUILD W8 · Where in the World?,Humanities,lesson,BUILD · Humanities Aut 1,2026-27,,,,
glv3-grow-humanities-w1,GROW · Humanities · W1 · Time Detectives (v3 route),Humanities,Lesson,GROW Estate v3,2026-27,,,,
glv3-grow-humanities-w2,GROW · Humanities · W2 · Source Detectives (v3 route),Humanities,Lesson,GROW Estate v3,2026-27,,,,
glv3-grow-humanities-w3,GROW · Humanities · W3 · Cause and Consequence (v3 route),Humanities,Lesson,GROW Estate v3,2026-27,,,,
glv3-grow-humanities-w4,GROW · Humanities · W4 · People Who Shaped Britain (v3 route),Humanities,Lesson,GROW Estate v3,2026-27,,,,
glv3-grow-humanities-w5,GROW · Humanities · W5 · How Big a Deal? (v3 route),Humanities,Lesson,GROW Estate v3,2026-27,,,,
glv3-grow-humanities-w6,GROW · Humanities · W6 · Plan the Account (v3 route),Humanities,Lesson,GROW Estate v3,2026-27,,,,
glv3-grow-humanities-w7,GROW · Humanities · W7 · Write the Account ★ (v3 route),Humanities,Lesson,GROW Estate v3,2026-27,,,,
glv3-grow-humanities-w8,GROW · Humanities · W8 · Where in the World? (v3 route),Humanities,Lesson,GROW Estate v3,2026-27,,,,
glv3-grow-humanities-hub,GROW · Humanities · alternative v3 route hub,Humanities,Hub,GROW Estate v3,2026-27,,,,
grow-hum-aut1-w1,GROW W1 · Time Detectives,Humanities,lesson,GROW · Humanities Aut 1,2026-27,,,,
grow-hum-aut1-w2,GROW W2 · Source Detectives,Humanities,lesson,GROW · Humanities Aut 1,2026-27,,,,
grow-hum-aut1-w3,GROW W3 · Cause and Consequence,Humanities,lesson,GROW · Humanities Aut 1,2026-27,,,,
grow-hum-aut1-w4,GROW W4 · People Who Shaped Britain,Humanities,lesson,GROW · Humanities Aut 1,2026-27,,,,
grow-hum-aut1-w5,GROW W5 · Significance,Humanities,lesson,GROW · Humanities Aut 1,2026-27,,,,
grow-hum-aut1-w6,GROW W6 · Plan the Account,Humanities,lesson,GROW · Humanities Aut 1,2026-27,,,,
grow-hum-aut1-w7,GROW W7 · Write the Account,Humanities,lesson,GROW · Humanities Aut 1,2026-27,,,,
grow-hum-aut1-w8,GROW W8 · Where in the World?,Humanities,lesson,GROW · Humanities Aut 1,2026-27,,,,
humanities-teesside-pack-build,BUILD (Explore) · Printable Evidence & Lundy Pack,Humanities,support,Humanities · Teesside Migration & Identity,2026-27,,,,
humanities-teesside-sow-build,BUILD (Explore) · Scheme of Work,Humanities,support,Humanities · Teesside Migration & Identity,2026-27,,,,
humanities-teesside-pack-grow,GROW · Printable Evidence & Lundy Pack,Humanities,support,Humanities · Teesside Migration & Identity,2026-27,,,,
humanities-teesside-sow-grow,GROW · Scheme of Work,Humanities,support,Humanities · Teesside Migration & Identity,2026-27,,,,
hum-pathway-tracker,Humanities · Pathway Tracker & Outcomes (all 3 pathways),Humanities,support,Humanities · Teesside Migration & Identity,2026-27,,,,
humanities-teesside-hub,Humanities — Teesside Migration & Identity (Pathway Hub),Humanities,teacher,Humanities · Teesside Migration & Identity,2026-27,,,,
humanities-teesside-pack-launch,LAUNCH (GCSE Bridge) · Printable Evidence & Lundy Pack,Humanities,support,Humanities · Teesside Migration & Identity,2026-27,,,,
humanities-teesside-sow-launch,LAUNCH (GCSE Bridge) · Scheme of Work,Humanities,support,Humanities · Teesside Migration & Identity,2026-27,,,,
glv3-launch-humanities-w1,LAUNCH · Humanities · W1 · Source Investigation (v3 route),Humanities,Lesson,LAUNCH Estate v3,2026-27,,,,
glv3-launch-humanities-w2,LAUNCH · Humanities · W2 · Cause & Consequence Courtroom (v3 route),Humanities,Lesson,LAUNCH Estate v3,2026-27,,,,
glv3-launch-humanities-w3,"LAUNCH · Humanities · W3 · The Archive · Nature, Origin & Purpose (v3 route)",Humanities,Lesson,LAUNCH Estate v3,2026-27,,,,
glv3-launch-humanities-w4,LAUNCH · Humanities · W4 · A Century of Change (v3 route),Humanities,Lesson,LAUNCH Estate v3,2026-27,,,,
glv3-launch-humanities-w5,LAUNCH · Humanities · W5 · People of Modern Britain (v3 route),Humanities,Lesson,LAUNCH Estate v3,2026-27,,,,
glv3-launch-humanities-w6,LAUNCH · Humanities · W6 · Structured Account (v3 route),Humanities,Lesson,LAUNCH Estate v3,2026-27,,,,
glv3-launch-humanities-w7,LAUNCH · Humanities · W7 · Source Assessment ★ (v3 route),Humanities,Lesson,LAUNCH Estate v3,2026-27,,,,
glv3-launch-humanities-w8,LAUNCH · Humanities · W8 · OS Map Skills · Unfamiliar Problem (v3 route),Humanities,Lesson,LAUNCH Estate v3,2026-27,,,,
glv3-launch-humanities-hub,LAUNCH · Humanities · alternative v3 route hub,Humanities,Hub,LAUNCH Estate v3,2026-27,,,,
launch-hum-aut1-w1,LAUNCH W1 · Source Investigation,Humanities,lesson,LAUNCH · Humanities Aut 1,2026-27,,,,
launch-hum-aut1-w2,LAUNCH W2 · Cause & Consequence Courtroom,Humanities,lesson,LAUNCH · Humanities Aut 1,2026-27,,,,
launch-hum-aut1-w3,LAUNCH W3 · The Archive: N.O.P.,Humanities,lesson,LAUNCH · Humanities Aut 1,2026-27,,,,
launch-hum-aut1-w4,LAUNCH W4 · A Century of Change,Humanities,lesson,LAUNCH · Humanities Aut 1,2026-27,,,,
launch-hum-aut1-w5,LAUNCH W5 · People of Modern Britain,Humanities,lesson,LAUNCH · Humanities Aut 1,2026-27,,,,
launch-hum-aut1-w6,LAUNCH W6 · The Structured Account,Humanities,lesson,LAUNCH · Humanities Aut 1,2026-27,,,,
launch-hum-aut1-w7,LAUNCH W7 · Source Assessment,Humanities,lesson,LAUNCH · Humanities Aut 1,2026-27,,,,
launch-hum-aut1-w8,LAUNCH W8 · OS Map Skills,Humanities,lesson,LAUNCH · Humanities Aut 1,2026-27,,,,
physics-wave-ohm-complete-investigation-v2-3,Complete WAVE & OHM Investigation Lesson v2.3,Physics,lesson,WAVE & OHM Investigation,2026-27,,,,
primary-y4-groupclassify-sow,Group and classify living things — SoW & lesson plans (Y4),Primary Science,teacher,Year 4 · Group & classify living things,2026-27,,,,
primary-y4-groupclassify-l1,Y4 Group & classify · L1 Group animals,Primary Science,lesson,Year 4 · Group & classify living things,2026-27,,,,
primary-y4-groupclassify-l2,Y4 Group & classify · L2 Vertebrates and invertebrates,Primary Science,lesson,Year 4 · Group & classify living things,2026-27,,,,
primary-y4-groupclassify-l3,Y4 Group & classify · L3 Classification keys (animals),Primary Science,lesson,Year 4 · Group & classify living things,2026-27,,,,
primary-y4-groupclassify-l4,Y4 Group & classify · L4 Group plants,Primary Science,lesson,Year 4 · Group & classify living things,2026-27,,,,
primary-y4-groupclassify-l5,Y4 Group & classify · L5 Classification keys (plants),Primary Science,lesson,Year 4 · Group & classify living things,2026-27,,,,
primary-y4-states-sow,States of matter — SoW & lesson plans (Y4),Primary Science,teacher,Year 4 · States of matter,2026-27,,,,
primary-y4-states-l1,"Y4 States of matter · L1 Explore solids, liquids and gases",Primary Science,lesson,Year 4 · States of matter,2026-27,,,,
primary-y4-states-l10,Y4 States of matter · L10 Evaluate evaporation,Primary Science,lesson,Year 4 · States of matter,2026-27,,,,
primary-y4-states-l2,Y4 States of matter · L2 Think differently: tricky materials,Primary Science,lesson,Year 4 · States of matter,2026-27,,,,
primary-y4-states-l3,Y4 States of matter · L3 Change states,Primary Science,lesson,Year 4 · States of matter,2026-27,,,,
primary-y4-states-l4,Y4 States of matter · L4 Use equipment,Primary Science,lesson,Year 4 · States of matter,2026-27,,,,
primary-y4-states-l5,Y4 States of matter · L5 Plan a melting experiment,Primary Science,lesson,Year 4 · States of matter,2026-27,,,,
primary-y4-states-l6,Y4 States of matter · L6 Investigate melting,Primary Science,lesson,Year 4 · States of matter,2026-27,,,,
primary-y4-states-l7,Y4 States of matter · L7 The water cycle,Primary Science,lesson,Year 4 · States of matter,2026-27,,,,
primary-y4-states-l8,Y4 States of matter · L8 Plan an evaporation experiment,Primary Science,lesson,Year 4 · States of matter,2026-27,,,,
primary-y4-states-l9,Y4 States of matter · L9 Investigate evaporation,Primary Science,lesson,Year 4 · States of matter,2026-27,,,,
primary-y5-forces-sow,Forces — SoW & lesson plans (Y5),Primary Science,teacher,Year 5 · Forces,2026-27,,,,
primary-y5-forces-l1,Y5 Forces · L1 Friction,Primary Science,lesson,Year 5 · Forces,2026-27,,,,
primary-y5-forces-l2,Y5 Forces · L2 Air resistance,Primary Science,lesson,Year 5 · Forces,2026-27,,,,
primary-y5-forces-l3,Y5 Forces · L3 Plan — parachute,Primary Science,lesson,Year 5 · Forces,2026-27,,,,
primary-y5-forces-l4,Y5 Forces · L4 Investigate — parachute,Primary Science,lesson,Year 5 · Forces,2026-27,,,,
primary-y5-forces-l5,Y5 Forces · L5 Evaluate — parachute,Primary Science,lesson,Year 5 · Forces,2026-27,,,,
primary-y5-forces-l6,Y5 Forces · L6 Plan — water resistance,Primary Science,lesson,Year 5 · Forces,2026-27,,,,
primary-y5-forces-l7,Y5 Forces · L7 Investigate — water resistance,Primary Science,lesson,Year 5 · Forces,2026-27,,,,
primary-y5-forces-l8,Y5 Forces · L8 Explore gravity,Primary Science,lesson,Year 5 · Forces,2026-27,,,,
primary-y5-forces-l9,Y5 Forces · L9 Use small forces for greater effects,Primary Science,lesson,Year 5 · Forces,2026-27,,,,
primary-y5-space-sow,Space — SoW & lesson plans (Y5),Primary Science,teacher,Year 5 · Space,2026-27,,,,
primary-y5-space-l1,Y5 Space · L1 The Solar System,Primary Science,lesson,Year 5 · Space,2026-27,,,,
primary-y5-space-l2,Y5 Space · L2 The planets,Primary Science,lesson,Year 5 · Space,2026-27,,,,
primary-y5-space-l3,Y5 Space · L3 Modelling,Primary Science,lesson,Year 5 · Space,2026-27,,,,
primary-y5-space-l4,Y5 Space · L4 Motion of the Earth and planets,Primary Science,lesson,Year 5 · Space,2026-27,,,,
primary-y5-space-l5,Y5 Space · L5 The Solar System — ideas over time,Primary Science,lesson,Year 5 · Space,2026-27,,,,
primary-y5-space-l6,Y5 Space · L6 Planet Earth,Primary Science,lesson,Year 5 · Space,2026-27,,,,
primary-y5-space-l7,Y5 Space · L7 Night and day,Primary Science,lesson,Year 5 · Space,2026-27,,,,
primary-y5-space-l8,Y5 Space · L8 The Moon,Primary Science,lesson,Year 5 · Space,2026-27,,,,
primary-y6-living-things-sow,Living things & their habitats — SoW & lesson plans (Y6),Primary Science,teacher,Year 6 · Living things & their habitats,2026-27,,,,
primary-y6-living-things-l1,Y6 Living Things · L1 Conditions for life,Primary Science,lesson,Year 6 · Living things & their habitats,2026-27,,,,
primary-y6-living-things-l2,Y6 Living Things · L2 Group organisms,Primary Science,lesson,Year 6 · Living things & their habitats,2026-27,,,,
primary-y6-living-things-l3,Y6 Living Things · L3 Classify animals,Primary Science,lesson,Year 6 · Living things & their habitats,2026-27,,,,
primary-y6-living-things-l4,Y6 Living Things · L4 Classify plants,Primary Science,lesson,Year 6 · Living things & their habitats,2026-27,,,,
primary-y6-living-things-l5,Y6 Living Things · L5 Microorganisms,Primary Science,lesson,Year 6 · Living things & their habitats,2026-27,,,,
primary-y6-living-things-l6,Y6 Living Things · L6 Classify microorganisms,Primary Science,lesson,Year 6 · Living things & their habitats,2026-27,,,,
primary-y6-living-things-l7,Y6 Living Things · L7 Carl Linnaeus,Primary Science,lesson,Year 6 · Living things & their habitats,2026-27,,,,
primary-y6-renewable-sow,Renewable energy — SoW & lesson plans (Y6),Primary Science,teacher,Year 6 · Renewable energy,2026-27,,,,
primary-y6-renewable-l1,Y6 Renewable energy · L1 What is renewable energy?,Primary Science,lesson,Year 6 · Renewable energy,2026-27,,,,
primary-y6-renewable-l2,Y6 Renewable energy · L2 Fossil fuels & the environment,Primary Science,lesson,Year 6 · Renewable energy,2026-27,,,,
primary-y6-renewable-l3,Y6 Renewable energy · L3 Solar power,Primary Science,lesson,Year 6 · Renewable energy,2026-27,,,,
primary-y6-renewable-l4,Y6 Renewable energy · L4 Wind power,Primary Science,lesson,Year 6 · Renewable energy,2026-27,,,,
primary-y6-renewable-l5,Y6 Renewable energy · L5 Weighing it up,Primary Science,lesson,Year 6 · Renewable energy,2026-27,,,,
primary-y6-renewable-l6,Y6 Renewable energy · L6 Renewable energy in our community,Primary Science,lesson,Year 6 · Renewable energy,2026-27,,,,
primary-y6-renewable-l7,Y6 Renewable energy · L7 Plan & present for our school,Primary Science,lesson,Year 6 · Renewable energy,2026-27,,,,
sci-tees-b-w7,BUILD · Animals Cannot Make Their Own Food,Science · Teesside,lesson,Science Teesside,2026-27,,,,
sci-tees-b-w3,BUILD · Backbones and No Backbones,Science · Teesside,lesson,Science Teesside,2026-27,,,,
sci-tees-b-w6,BUILD · Building a Balanced Plate,Science · Teesside,lesson,Science Teesside,2026-27,,,,
sci-tees-b-w4,BUILD · Muscles Work in Pairs,Science · Teesside,lesson,Science Teesside,2026-27,,,,
sci-tees-b-v3-hub,BUILD · Science 40-min route · start here,Science · Teesside,teacher,Science Teesside,2026-27,,,,
sci-tees-b-w3a-v3,BUILD · W3A · Backbones Explore (40-min route),Science · Teesside,lesson,Science Teesside,2026-27,,,,
sci-tees-b-w3b-v3,BUILD · W3B · Backbone Detectives Do (40-min route),Science · Teesside,lesson,Science Teesside,2026-27,,,,
sci-tees-b-w4a-v3,BUILD · W4A · Muscles Explore (40-min route),Science · Teesside,lesson,Science Teesside,2026-27,,,,
sci-tees-b-w4b-v3,BUILD · W4B · Muscle Model Do (40-min route),Science · Teesside,lesson,Science Teesside,2026-27,,,,
sci-tees-b-w5a-v3,BUILD · W5A · Body Needs Explore (40-min route),Science · Teesside,lesson,Science Teesside,2026-27,,,,
sci-tees-b-w5b-v3,BUILD · W5B · Nutrition Mission Do (40-min route),Science · Teesside,lesson,Science Teesside,2026-27,,,,
sci-tees-b-w6a-v3,BUILD · W6A · Balanced Plate Explore (40-min route),Science · Teesside,lesson,Science Teesside,2026-27,,,,
sci-tees-b-w6b-v3,BUILD · W6B · Balanced Plate Do (40-min route),Science · Teesside,lesson,Science Teesside,2026-27,,,,
sci-tees-b-w7a-v3,BUILD · W7A · Food Sources Explore (40-min route),Science · Teesside,lesson,Science Teesside,2026-27,,,,
sci-tees-b-w7b-v3,BUILD · W7B · Food Chain Do (40-min route),Science · Teesside,lesson,Science Teesside,2026-27,,,,
sci-tees-b-w5,BUILD · What a Body Needs,Science · Teesside,lesson,Science Teesside,2026-27,,,,
sci-tees-g-w6,GROW · Earth and the Planets,Science · Teesside,lesson,Science Teesside,2026-27,,,,
sci-tees-g-w3,GROW · Friction: Friend and Enemy,Science · Teesside,lesson,Science Teesside,2026-27,,,,
sci-tees-g-w4,"GROW · Levers, Pulleys and Gears",Science · Teesside,lesson,Science Teesside,2026-27,,,,
sci-tees-g-w5,GROW · Planning a Fair Test,Science · Teesside,lesson,Science Teesside,2026-27,,,,
sci-tees-g-v3-hub,GROW · Science 40-min route · start here,Science · Teesside,teacher,Science Teesside,2026-27,,,,
sci-tees-g-w7,GROW · The Moon's Journey,Science · Teesside,lesson,Science Teesside,2026-27,,,,
sci-tees-g-w3a-v3,GROW · W3A · Friction Explore (40-min route),Science · Teesside,lesson,Science Teesside,2026-27,,,,
sci-tees-g-w3b-v3,GROW · W3B · Friction Do (40-min route),Science · Teesside,lesson,Science Teesside,2026-27,,,,
sci-tees-g-w4a-v3,GROW · W4A · Mechanisms Explore (40-min route),Science · Teesside,lesson,Science Teesside,2026-27,,,,
sci-tees-g-w4b-v3,GROW · W4B · Mechanisms Do (40-min route),Science · Teesside,lesson,Science Teesside,2026-27,,,,
sci-tees-g-w5a-v3,GROW · W5A · Fair Test Explore (40-min route),Science · Teesside,lesson,Science Teesside,2026-27,,,,
sci-tees-g-w5b-v3,GROW · W5B · Fair Test Do (40-min route),Science · Teesside,lesson,Science Teesside,2026-27,,,,
sci-tees-g-w6a-v3,GROW · W6A · Earth And Planets Explore (40-min route),Science · Teesside,lesson,Science Teesside,2026-27,,,,
sci-tees-g-w6b-v3,GROW · W6B · Earth And Planets Do (40-min route),Science · Teesside,lesson,Science Teesside,2026-27,,,,
sci-tees-g-w7a-v3,GROW · W7A · The Moon Explore (40-min route),Science · Teesside,lesson,Science Teesside,2026-27,,,,
sci-tees-g-w7b-v3,GROW · W7B · The Moon Do (40-min route),Science · Teesside,lesson,Science Teesside,2026-27,,,,
sci-tees-l-sci-l-w6-l1-activetransport,LAUNCH · Discover: Active Transport,Science · Teesside,lesson,Science Teesside,2026-27,,,,
sci-tees-l-sci-l-w3-l1-microscopy,LAUNCH · Discover: Cells Under the Microscope,Science · Teesside,lesson,Science Teesside,2026-27,,,,
sci-tees-l-sci-l-w4-l1-diffusion,LAUNCH · Discover: Diffusion,Science · Teesside,lesson,Science Teesside,2026-27,,,,
sci-tees-l-sci-l-w5-l1-osmosis,LAUNCH · Discover: Osmosis,Science · Teesside,lesson,Science Teesside,2026-27,,,,
sci-tees-l-sci-l-w7-l1-roundup,LAUNCH · Discover: Topic 1 Knowledge Round-Up,Science · Teesside,lesson,Science Teesside,2026-27,,,,
sci-tees-l-sci-l-w5-l3-evaluate,LAUNCH · Master: Analysing the Osmosis Practical,Science · Teesside,lesson,Science Teesside,2026-27,,,,
sci-tees-l-sci-l-w6-l3-compare,LAUNCH · Master: Comparing the Three Processes,Science · Teesside,lesson,Science Teesside,2026-27,,,,
sci-tees-l-sci-l-w4-l3-examskills,LAUNCH · Master: Explaining Diffusion in the Exam,Science · Teesside,lesson,Science Teesside,2026-27,,,,
sci-tees-l-sci-l-w3-l3-examskills,LAUNCH · Master: Magnification Exam Questions,Science · Teesside,lesson,Science Teesside,2026-27,,,,
sci-tees-l-sci-l-w7-l3-exampractice,LAUNCH · Master: Topic 1 Exam Practice,Science · Teesside,lesson,Science Teesside,2026-27,,,,
sci-tees-l-v3-hub,LAUNCH · Science 40-min route · start here,Science · Teesside,teacher,Science Teesside,2026-27,,,,
sci-tees-l-sci-l-w6-l2-rootandgut,LAUNCH · Use: Active Transport in Root Hairs and the Gut,Science · Teesside,lesson,Science Teesside,2026-27,,,,
sci-tees-l-sci-l-w3-l2-magnification,LAUNCH · Use: Calculating Magnification,Science · Teesside,lesson,Science Teesside,2026-27,,,,
sci-tees-l-sci-l-w7-l2-commandwords,LAUNCH · Use: Command Words Across Topic 1,Science · Teesside,lesson,Science Teesside,2026-27,,,,
sci-tees-l-sci-l-w4-l2-gasexchange,LAUNCH · Use: Diffusion in the Lungs — Testing Breath,Science · Teesside,lesson,Science Teesside,2026-27,,,,
sci-tees-l-sci-l-w5-l2-osmosiscp,LAUNCH · Use: Osmosis Core Practical,Science · Teesside,lesson,Science Teesside,2026-27,,,,
sci-tees-l-w3l1-v3,LAUNCH · W3L1 · Microscopy Introduce (40-min route),Science · Teesside,lesson,Science Teesside,2026-27,,,,
sci-tees-l-w3l2-v3,LAUNCH · W3L2 · Calculating Magnification Explore (40-min route),Science · Teesside,lesson,Science Teesside,2026-27,,,,
sci-tees-l-w3l3-v3,LAUNCH · W3L3 · Magnification Lab Do (40-min route),Science · Teesside,lesson,Science Teesside,2026-27,,,,
sci-tees-l-w4l1-v3,LAUNCH · W4L1 · Diffusion Introduce (40-min route),Science · Teesside,lesson,Science Teesside,2026-27,,,,
sci-tees-l-w4l2-v3,LAUNCH · W4L2 · Diffusion Lungs Explore (40-min route),Science · Teesside,lesson,Science Teesside,2026-27,,,,
sci-tees-l-w4l3-v3,LAUNCH · W4L3 · Diffusion Explanation Do (40-min route),Science · Teesside,lesson,Science Teesside,2026-27,,,,
sci-tees-l-w5l1-v3,LAUNCH · W5L1 · Osmosis Introduce (40-min route),Science · Teesside,lesson,Science Teesside,2026-27,,,,
sci-tees-l-w5l2-v3,LAUNCH · W5L2 · Osmosis Core Practical Explore (40-min route),Science · Teesside,lesson,Science Teesside,2026-27,,,,
sci-tees-l-w5l3-v3,LAUNCH · W5L3 · Osmosis Data Do (40-min route),Science · Teesside,lesson,Science Teesside,2026-27,,,,
sci-tees-l-w6l1-v3,LAUNCH · W6L1 · Active Transport Introduce (40-min route),Science · Teesside,lesson,Science Teesside,2026-27,,,,
sci-tees-l-w6l2-v3,LAUNCH · W6L2 · Root Hairs And Gut Explore (40-min route),Science · Teesside,lesson,Science Teesside,2026-27,,,,
sci-tees-l-w6l3-v3,LAUNCH · W6L3 · Compare Transport Do (40-min route),Science · Teesside,lesson,Science Teesside,2026-27,,,,
sci-tees-l-w7l1-v3,LAUNCH · W7L1 · Topic 1 Round Up Introduce (40-min route),Science · Teesside,lesson,Science Teesside,2026-27,,,,
sci-tees-l-w7l2-v3,LAUNCH · W7L2 · Command Words Explore (40-min route),Science · Teesside,lesson,Science Teesside,2026-27,,,,
sci-tees-l-w7l3-v3,LAUNCH · W7L3 · Exam Practice Do (40-min route),Science · Teesside,lesson,Science Teesside,2026-27,,,,
fri-w2-mutual-respect,"Tutor Time · Friday Values · [BV] Mutual Respect — Doubt the Image, Back the Person",Tutor Time · BV · BF · KCSIE,lesson,Tutor Time · Friday Values · weekly trio,2026-27,,,,
wk3-kcsie-trap-sextortion,Tutor Time · Week 3 · [KCSIE] The Trap — Sextortion,Tutor Time · BV · BF · KCSIE,lesson,Tutor Time · Friday Values · weekly trio,2026-27,,,,
wb-w1,Tutor Time W1 · [BV] Democracy — My Voice Counts,Tutor Time · BV · BF · KCSIE,lesson,Tutor Time · whiteboard programme,2026-27,,,,
wb-w2,Tutor Time W2 · [BV] The Rule of Law — Fair for Everyone,Tutor Time · BV · BF · KCSIE,lesson,Tutor Time · whiteboard programme,2026-27,,,,
wb-w3,Tutor Time W3 · [BV] Individual Liberty — My Choices,Tutor Time · BV · BF · KCSIE,lesson,Tutor Time · whiteboard programme,2026-27,,,,
wb-w4,Tutor Time W4 · [BV] Respect & Tolerance — Different and Equal,Tutor Time · BV · BF · KCSIE,lesson,Tutor Time · whiteboard programme,2026-27,,,,
wb-w5,Tutor Time W5 · [BF] Ready · Respectful · Safe — Our Code,Tutor Time · BV · BF · KCSIE,lesson,Tutor Time · whiteboard programme,2026-27,,,,
wb-w6,Tutor Time W6 · [BF] Repair & Restart — Fixing It Well,Tutor Time · BV · BF · KCSIE,lesson,Tutor Time · whiteboard programme,2026-27,,,,
wb-w7,Tutor Time W7 · [KCSIE] Pressure Points — Real Friends Don't Pressure,Tutor Time · BV · BF · KCSIE,lesson,Tutor Time · whiteboard programme,2026-27,,,,
wb-w8,Tutor Time W8 · [KCSIE] My Trusted Five,Tutor Time · BV · BF · KCSIE,lesson,Tutor Time · whiteboard programme,2026-27,,,,
wb-tracker-online,Tutor Time · Evidence Tracker (online),Tutor Time · BV · BF · KCSIE,support,Tutor Time · whiteboard programme,2026-27,,,,
wb-tracker-paper,Tutor Time · Evidence Tracker (print),Tutor Time · BV · BF · KCSIE,support,Tutor Time · whiteboard programme,2026-27,,,,
wb-plans,Tutor Time · Lesson Plans,Tutor Time · BV · BF · KCSIE,teacher,Tutor Time · whiteboard programme,2026-27,,,,
wb-sow,Tutor Time · Scheme of Work,Tutor Time · BV · BF · KCSIE,support,Tutor Time · whiteboard programme,2026-27,,,,
tt-kcsie-deepfakes,Tutor Time · [KCSIE] Deepfakes — Screenshot Culture,Tutor Time · BV · BF · KCSIE,lesson,Tutor Time · whiteboard programme,2026-27,,,,
tt-kcsie-vapes,"Tutor Time · [KCSIE] “Mazz” Vapes — Rumours, Facts & Staying Safe",Tutor Time · BV · BF · KCSIE,lesson,Tutor Time · whiteboard programme,2026-27,,,,
wb-hub,Tutor Time · whiteboard programme hub,Tutor Time · BV · BF · KCSIE,teacher,Tutor Time · whiteboard programme,2026-27,,,,
art-l16-art-exquistie-corpse,L16 · Art Exquistie Corpse,Art,lesson,Art Exquistie Corpse,2025-26,,,,
art-l17-art-miro-mural,L17 · Art Miro Mural,Art,lesson,Art Miro Mural,2025-26,,,,
art-l5-dali-research,L5 · Dalí Research,Art,lesson,Dalí Research,2025-26,,,,
art-l6-dali-study,L6 · Dalí Study,Art,lesson,Dalí Study,2025-26,,,,
art-l12-finish-the-eye-dream-it,L12 · Finish the Eye · Dream It,Art,lesson,Finish the Eye · Dream It,2025-26,,,,
art-l7-hannah-hoch,L7 · Hannah Höch,Art,lesson,Hannah Höch,2025-26,,,,
art-l8-hoch-fact-file,L8 · Höch Fact File,Art,lesson,Höch Fact File,2025-26,,,,
art-l2-magritte,L2 · Magritte,Art,lesson,Magritte,2025-26,,,,
art-l3-magritte-study,L3 · Magritte Study,Art,lesson,Magritte Study,2025-26,,,,
art-l15-mini-masterpiece,L15 · Mini Masterpiece,Art,lesson,Mini Masterpiece,2025-26,,,,
art-l4-miro,L4 · Miró,Art,lesson,Miró,2025-26,,,,
art-l11-surrealism-eye-study,L11 · Surrealism Eye Study,Art,lesson,Surrealism Eye Study,2025-26,,,,
art-l10-surrealist-collage-hands-on,L10 · Surrealist Collage · Hands-On,Art,lesson,Surrealist Collage,2025-26,,,,
art-l10-surrealist-collage-observation,L10 · Surrealist Collage · Observation,Art,lesson,Surrealist Collage,2025-26,,,,
art-l13-the-final-idea,L13 · The Final Idea,Art,lesson,The Final Idea,2025-26,,,,
art-surrealist-art-heist,The Surrealist Art Heist · 35-min mission,Art,lesson,The Surrealist Art Heist,2025-26,,,,
art-l14-the-test-lab,L14 · The Test Lab,Art,lesson,The Test Lab,2025-26,,,,
art-l1-what-is-surrealism,L1 · What is Surrealism?,Art,lesson,What is Surrealism?,2025-26,,,,
assembly-behaviour-resilience,Behaviour · Resilience,Assembly,lesson,Behaviour · Resilience,2025-26,,,,
assembly-behaviour-resilience-poster,Behaviour · Resilience · Poster,Assembly,support,Behaviour · Resilience,2025-26,,,,
assembly-british-values-rule-of-law,British Values · Rule of Law,Assembly,lesson,British Values · Rule of Law,2025-26,,,,
assembly-british-values-rule-of-law-poster,British Values · Rule of Law · Poster,Assembly,support,British Values · Rule of Law,2025-26,,,,
assembly-kcsie-emergency,KCSIE · Emergency,Assembly,lesson,KCSIE · Emergency,2025-26,,,,
assembly-kcsie-emergency-poster,KCSIE · Emergency · Poster,Assembly,support,KCSIE · Emergency,2025-26,,,,
build-vocational-and-pfa-foodwise-practical,FoodWise — Practical,BUILD Vocational & PfA,lesson,BUILD Pathway,2025-26,,,,
build-vocational-and-pfa-slot-1-careers-strengths-to-jobs,Slot 1 · Careers — Strengths to Jobs,BUILD Vocational & PfA,lesson,BUILD Pathway,2025-26,,,,
build-vocational-and-pfa-slot-2-vocational-kitchen-induction,Slot 2 · Vocational — Kitchen Induction,BUILD Vocational & PfA,lesson,BUILD Pathway,2025-26,,,,
build-vocational-and-pfa-slot-3-li-where-money-comes-from,Slot 3 · LI — Where Money Comes From,BUILD Vocational & PfA,lesson,BUILD Pathway,2025-26,,,,
build-vocational-and-pfa-slot-4-foodwise-food-groups,Slot 4 · FoodWise — Food Groups,BUILD Vocational & PfA,lesson,BUILD Pathway,2025-26,,,,
build-vocational-and-pfa-slot-5-community-a-launch,Slot 5 · Community A — Launch,BUILD Vocational & PfA,lesson,BUILD Pathway,2025-26,,,,
build-vocational-and-pfa-slot-6-community-b-duke-launch,Slot 6 · Community B — Duke Launch,BUILD Vocational & PfA,lesson,BUILD Pathway,2025-26,,,,
biology-l2-absorption,L2 · Absorption,Biology,lesson,Absorption,2025-26,,,,
biology-l4-aerobic-respiration,L4 · Aerobic Respiration,Biology,lesson,Aerobic Respiration,2025-26,,,,
biology-l4-aerobic-respiration-full-lesson-full,L4 · Aerobic Respiration (full lesson),Biology,lesson,Aerobic Respiration,2025-26,,,,
biology-respiration-limewater-and-exercise,Respiration — Limewater & Exercise,Biology,lesson,Aerobic Respiration,2025-26,,,,
biology-l5-anaerobic-respiration,L5 · Anaerobic Respiration,Biology,lesson,Anaerobic Respiration,2025-26,,,,
biology-l4-bridge-sheet-easy-start,L4 · Bridge Sheet · Easy-Start,Biology,support,Bridge Sheet,2025-26,,,,
biology-l4-bridge-sheet-middle,L4 · Bridge Sheet · Middle,Biology,support,Bridge Sheet,2025-26,,,,
biology-l4-bridge-sheet-standard,L4 · Bridge Sheet · Standard,Biology,support,Bridge Sheet,2025-26,,,,
biology-l1-digestion-absorption,L1 · Digestion & Absorption,Biology,lesson,Digestion & Absorption,2025-26,,,,
biology-limewater-co2-respiration,Limewater · CO₂ & Respiration,Biology,lesson,Limewater · CO₂ & Respiration,2025-26,,,,
biology-limewater-making-it-prep,Limewater · Making It (Prep),Biology,lesson,Limewater · Making It (Prep),2025-26,,,,
biology-l3-respiration-atp,L3 · Respiration & ATP,Biology,lesson,Respiration & ATP,2025-26,,,,
biology-respiration-atp-recap,Respiration & ATP Recap,Biology,revision,Respiration & ATP Recap,2025-26,,,,
biology-structure-of-the-thorax,Structure of the Thorax,Biology,lesson,Structure of the Thorax,2025-26,,,,
chemistry-l6-anion-water-tests,L6 · Anion & Water Tests,Chemistry,lesson,Anion & Water Tests,2025-26,,,,
chemistry-l6-consolidation,L6 - Consolidation,Chemistry,lesson,Consolidation,2025-26,,,,
chemistry-l5-flame-tests,L5 · Flame Tests,Chemistry,lesson,Flame Tests,2025-26,,,,
chemistry-l4a-gas-tests-i-h2-o2-co2,L4a · Gas Tests I (H₂ O₂ CO₂),Chemistry,lesson,Gas Tests I (H₂ O₂ CO₂),2025-26,,,,
chemistry-l4b-gas-tests-ii-nh3-cl2,L4b · Gas Tests II (NH₃ Cl₂),Chemistry,lesson,Gas Tests II (NH₃ Cl₂),2025-26,,,,
chemistry-l1-indicators,L1 · Indicators,Chemistry,lesson,Indicators,2025-26,,,,
chemistry-l3-ions-neutralisation,L3 · Ions & Neutralisation,Chemistry,lesson,Ions & Neutralisation,2025-26,,,,
chemistry-l2-the-ph-scale,L2 · The pH Scale,Chemistry,lesson,The pH Scale,2025-26,,,,
chemistry-virtual-lab-acids-alkalis-l3c,Virtual Lab · Acids & Alkalis (L3c),Chemistry,lesson,Virtual Lab · Acids & Alkalis (L3c),2025-26,,,,
games-globe-snake,🌐 Globe Snake,Games,game,Globe Snake,2025-26,,,,
games-grapple,🪝 Grapple,Games,game,Grapple,2025-26,,,,
games-grid-chase,🏁 Grid Chase,Games,game,Grid Chase,2025-26,,,,
games-kids-vs-staff-showdown,🏆 Kids vs Staff: Showdown,Games,game,Kids vs Staff: Showdown,2025-26,,,,
games-lumins,✨ Lumins,Games,game,Lumins,2025-26,,,,
games-marble,⚪ Marble,Games,game,Marble,2025-26,,,,
games-neon-garden,🌸 Neon Garden,Games,game,Neon Garden,2025-26,,,,
games-neon-siege,🛡️ Neon Siege,Games,game,Neon Siege,2025-26,,,,
games-neon-snake-overdrive,⚡ Neon Snake Overdrive,Games,game,Neon Snake Overdrive,2025-26,,,,
games-one-guy,👻 One Guy,Games,game,One Guy,2025-26,,,,
games-orbital,🛰️ Orbital,Games,game,Orbital,2025-26,,,,
games-prism,🔺 Prism,Games,game,Prism,2025-26,,,,
games-slipstream,⚪ Slipstream,Games,game,Slipstream,2025-26,,,,
games-slipstream-gp,⚪ Slipstream - GP,Games,game,Slipstream - GP,2025-26,,,,
games-static,📺 Static,Games,game,Static,2025-26,,,,
games-kids-vs-staff-studio-v8,Kids vs Staff · Studio Game Show (v8 Autopilot),Games,game,Studio Game Show,2025-26,,,,
games-last-lighthouse,🗼 The Last Lighthouse,Games,game,The Last Lighthouse,2025-26,,,,
games-trekkers-trail-runner-tees-coast,Trekkers Trail Runner — Tees Coast,Games,game,Trail Runner,2025-26,,,,
games-trail-runner,🎮 Trail Runner,Games,game,Trail Runner,2025-26,,,,
games-vortex,🌀 Vortex,Games,game,Vortex,2025-26,,,,
games-voxel-frontier,⛏️ Voxel Frontier,Games,game,Voxel Frontier,2025-26,,,,
games-voxelcraft,🧱 VoxelCraft,Games,game,VoxelCraft,2025-26,,,,
games-world-cup-v3-match-director,World Cup v3 — Match Director,Games,game,World Cup,2025-26,,,,
games-world-cup-v5-showdown,World Cup v5 — Showdown,Games,game,World Cup,2025-26,,,,
games-worldcup-three-lions,⚽ World Cup: Road to the Three Lions Final,Games,game,World Cup,2025-26,,,,
games-wrecking-crew,🔨 Wrecking Crew,Games,game,Wrecking Crew,2025-26,,,,
intervention-y10-battle-arena,Battle Arena,Intervention (Y10),game,Battle Arena,2025-26,,,,
intervention-y10-escape-room,Escape Room,Intervention (Y10),game,Escape Room,2025-26,,,,
intervention-y10-gut-reaction-digestion-absorption,Gut Reaction · Digestion & Absorption,Intervention (Y10),lesson,Gut Reaction · Digestion & Absorption,2025-26,,,,
intervention-y10-l8a-powerhouse-arena-team-quiz,L8a · Powerhouse Arena Team Quiz,Intervention (Y10),game,Powerhouse Arena Team Quiz,2025-26,,,,
intervention-y10-l8a-respiration-atp-aerobic,L8a · Respiration & ATP (Aerobic),Intervention (Y10),lesson,Respiration & ATP (Aerobic),2025-26,,,,
intervention-y10-v-i-r-pupil-app,V = I × R · Pupil App,Intervention (Y10),pupil,V = I × R · Pupil App,2025-26,,,,
intervention-y10-v-i-r-teacher-app,V = I × R · Teacher App,Intervention (Y10),teacher,V = I × R · Teacher App,2025-26,,,,
local-choice-local-choice-hub,Local Choice Hub,Local Choice,pupil,Local Choice,2025-26,,,,
local-choice-opening-night,Opening Night,Local Choice,lesson,Local Choice,2025-26,,,,
local-choice-the-foxglove-case,The Foxglove Case,Local Choice,lesson,Local Choice,2025-26,,,,
pshe-and-asdan-peq-evidence-binder-v7,PEQ Evidence Binder v7,PSHE & ASDAN,teacher,ASDAN PEQ,2025-26,,,,
asdan-build-engine-hub,BUILD Engine · Week 1 Lesson Hub,PSHE & ASDAN,teacher,BUILD Pathway,2025-26,,,,
pshe-asdan-consent-p1-knowledge-organiser,Consent P1 · Knowledge Organiser,PSHE & ASDAN,support,Consent P1,2025-26,,,,
pshe-asdan-consent-p1-lesson,Consent P1 · Lesson,PSHE & ASDAN,lesson,Consent P1,2025-26,,,,
pshe-asdan-consent-p1-pack-foundation,Consent P1 · Pack (Foundation),PSHE & ASDAN,pupil,Consent P1,2025-26,,,,
pshe-asdan-consent-p1-pack-higher,Consent P1 · Pack (Higher),PSHE & ASDAN,pupil,Consent P1,2025-26,,,,
pshe-asdan-consent-p1-pack-middle,Consent P1 · Pack (Middle),PSHE & ASDAN,pupil,Consent P1,2025-26,,,,
pshe-asdan-consent-p2-knowledge-organiser,Consent P2 · Knowledge Organiser,PSHE & ASDAN,support,Consent P2,2025-26,,,,
pshe-asdan-consent-p2-lesson,Consent P2 · Lesson,PSHE & ASDAN,lesson,Consent P2,2025-26,,,,
pshe-asdan-consent-p2-pack-foundation,Consent P2 · Pack (Foundation),PSHE & ASDAN,pupil,Consent P2,2025-26,,,,
pshe-asdan-consent-p2-pack-higher,Consent P2 · Pack (Higher),PSHE & ASDAN,pupil,Consent P2,2025-26,,,,
pshe-asdan-consent-p2-pack-middle,Consent P2 · Pack (Middle),PSHE & ASDAN,pupil,Consent P2,2025-26,,,,
pshe-asdan-social-media-wellbeing-homework,Social Media & Wellbeing · Homework,PSHE & ASDAN,pupil,Social Media & Wellbeing,2025-26,,,,
physics-l1-circuits-symbols-series-parallel,"L1 · Circuits, Symbols, Series & Parallel",Physics,lesson,"Circuits, Symbols, Series & Parallel",2025-26,,,,
physics-current-rush,Current Rush,Physics,game,Current Rush,2025-26,,,,
physics-consolidation-electricity-review,Consolidation · Electricity Review,Physics,revision,Electricity Review,2025-26,,,,
physics-l4a-electron-flow,L4a · Electron Flow,Physics,lesson,Electron Flow,2025-26,,,,
physics-l4-electron-flow-and-series-calculations,L4 · Electron Flow & Series Calculations,Physics,lesson,Electron Flow & Series Calculations,2025-26,,,,
physics-l2c-ohm-s-law-phet-take-2,L2c · Ohm's Law PhET (Take 2),Physics,lesson,Ohm's Law PhET (Take 2),2025-26,,,,
physics-l2b-ohm-s-law-phet-practical,L2b · Ohm's Law PhET Practical,Physics,lesson,Ohm's Law PhET Practical,2025-26,,,,
physics-l3-ohm-s-law-in-action,L3 · Ohm's Law in Action,Physics,lesson,Ohm's Law in Action,2025-26,,,,
physics-l2-voltage-current-resistance,"L2 · Voltage, Current & Resistance",Physics,lesson,"Voltage, Current & Resistance",2025-26,,,,
physics-l5-wave-properties-definitions,L5 · Wave Properties & Definitions,Physics,lesson,Wave Properties & Definitions,2025-26,,,,
physics-l6-wave-speed-equation,L6 · Wave Speed Equation,Physics,lesson,Wave Speed Equation,2025-26,,,,
physics-waves-l4a-wave-anatomy,Waves · L4a · Wave Anatomy,Physics,lesson,Waves · L4a · Wave Anatomy,2025-26,,,,
physics-waves-l4b-frequency-period,Waves · L4b · Frequency & Period,Physics,lesson,Waves · L4b · Frequency & Period,2025-26,,,,
physics-waves-l4c-energy-transfer,Waves · L4c · Energy Transfer,Physics,lesson,Waves · L4c · Energy Transfer,2025-26,,,,
physics-l7-waves-reflection-refraction,L7 · Waves: Reflection & Refraction,Physics,lesson,Waves: Reflection & Refraction,2025-26,,,,
planning-build-autumn-1-weekly-plans-and-year-plan,BUILD — Autumn 1 Weekly Plans & Year Plan,Planning,teacher,Weekly Planning,2025-26,,,,
planning-grow-autumn-1-weekly-plans,GROW — Autumn 1 Weekly Plans,Planning,teacher,Weekly Planning,2025-26,,,,
planning-launch-autumn-1-weekly-plans,LAUNCH — Autumn 1 Weekly Plans,Planning,teacher,Weekly Planning,2025-26,,,,
rivers-l1e-final-briefing,L1e · Final Briefing,Rivers,lesson,Final Briefing,2025-26,,,,
rivers-l1d-life-in-the-grass,L1d · Life in the Grass,Rivers,lesson,Life in the Grass,2025-26,,,,
rivers-l1c-reading-the-river,L1c · Reading the River,Rivers,lesson,Reading the River,2025-26,,,,
rivers-l1a-tees-source-to-sea,L1a · Tees: Source to Sea,Rivers,lesson,Tees: Source to Sea,2025-26,,,,
rivers-l1b-your-river-your-home,"L1b · Your River, Your Home",Rivers,lesson,"Your River, Your Home",2025-26,,,,
lundy-loop-calibration-game,Is This an R? — Calibration Game,Staff CPD,teacher,Lundy Loop,2025-26,,,,
lundy-loop-walk-logger,Loop Walk Logger,Staff CPD,teacher,Lundy Loop,2025-26,,,,
lundy-loop-hub,Lundy Loop — Master Pack Hub,Staff CPD,teacher,Lundy Loop,2025-26,,,,
lundy-loop-whole-school-reference,Lundy Loop — Whole-School Reference,Staff CPD,teacher,Lundy Loop,2025-26,,,,
tees-trekkers-aqa-evidence-l1-building-evidence,AQA Evidence · L1 Building Evidence,Tees Trekkers,pupil,AQA Evidence · L1 Building Evidence,2025-26,,,,
tees-trekkers-aqa-evidence-l2-reflection-sign-off,AQA Evidence · L2 Reflection & Sign-off,Tees Trekkers,pupil,AQA Evidence · L2 Reflection & Sign-off,2025-26,,,,
tees-trekkers-coatham-expedition-pupil,Coatham Expedition · Pupil,Tees Trekkers,pupil,Coatham Expedition,2025-26,,,,
tees-trekkers-coatham-expedition-teacher,Coatham Expedition · Teacher,Tees Trekkers,teacher,Coatham Expedition,2025-26,,,,
tees-trekkers-l19-fieldwork-day,L19 · Fieldwork Day,Tees Trekkers,lesson,Fieldwork Day,2025-26,,,,
tees-trekkers-l18-risk-sampling,L18 · Risk & Sampling,Tees Trekkers,lesson,Risk & Sampling,2025-26,,,,
tees-trekkers-trail-runner-side-quest,🎮 Trail Runner · Side Quest,Tees Trekkers,game,Trail Runner · Side Quest,2025-26,,,,
